Run_ID,Reverb_Base_SIR,Reverb_Base_SINR,Reverb_Base_PESQ_NB,Reverb_Base_PESQ_WB,Reverb_Base_STOI,Reverb_DeepFPU_SIR,Reverb_DeepFPU_SINR,Reverb_DeepFPU_PESQ_NB,Reverb_DeepFPU_PESQ_WB,Reverb_DeepFPU_STOI,NoReverb_Base_SIR,NoReverb_Base_SINR,NoReverb_Base_PESQ_NB,NoReverb_Base_PESQ_WB,NoReverb_Base_STOI,NoReverb_DeepFPU_SIR,NoReverb_DeepFPU_SINR,NoReverb_DeepFPU_PESQ_NB,NoReverb_DeepFPU_PESQ_WB,NoReverb_DeepFPU_STOI
batch_test_000,0.02,-2.10,1.390,1.042,0.580,8.75,3.37,1.716,1.175,0.667,-0.00,-2.14,1.315,1.020,0.659,11.65,2.74,1.811,1.097,0.710
batch_test_001,-0.04,-2.14,1.616,1.091,0.619,1.11,-0.67,2.112,1.419,0.651,0.01,-2.11,1.554,1.065,0.731,-0.32,-2.29,2.081,1.388,0.713
batch_test_002,-0.01,-2.13,1.231,1.031,0.580,8.41,4.68,1.828,1.186,0.685,-0.04,-2.15,1.198,1.027,0.705,3.09,0.79,1.713,1.092,0.774
batch_test_003,0.00,-2.11,1.417,1.049,0.475,18.02,6.89,1.833,1.388,0.634,-0.03,-2.13,1.312,1.031,0.507,19.07,6.98,1.731,1.300,0.651
batch_test_004,-0.02,-2.14,1.273,1.053,0.497,13.42,4.08,1.650,1.258,0.588,0.01,-2.12,1.221,1.051,0.612,15.62,5.64,1.623,1.197,0.695
batch_test_005,-0.01,-2.14,1.279,1.028,0.551,4.58,1.26,1.720,1.219,0.604,-0.02,-2.14,1.286,1.027,0.738,-3.78,-4.69,1.713,1.187,0.753
batch_test_006,-0.01,-2.14,1.204,1.029,0.591,22.77,9.25,1.908,1.436,0.726,-0.00,-2.15,1.176,1.029,0.706,31.22,9.23,2.026,1.334,0.795
batch_test_007,0.02,-2.12,1.347,1.082,0.505,12.31,4.31,1.550,1.158,0.614,-0.01,-2.13,1.269,1.067,0.582,20.28,6.85,1.681,1.175,0.675
batch_test_008,0.03,-2.10,1.509,1.044,0.641,11.94,4.02,1.952,1.397,0.734,0.00,-2.14,1.404,1.040,0.722,20.50,5.14,1.828,1.284,0.804
batch_test_009,-0.04,-2.17,1.491,1.056,0.661,0.56,-0.60,2.364,1.453,0.762,0.01,-2.13,1.312,1.036,0.778,0.01,-1.04,2.007,1.247,0.819
batch_test_010,-0.01,-2.13,1.446,1.065,0.586,16.55,7.03,2.095,1.520,0.750,0.02,-2.10,1.362,1.041,0.653,27.83,7.67,1.955,1.425,0.807
batch_test_011,-0.00,-2.12,1.322,1.033,0.575,10.04,3.47,1.559,1.179,0.724,-0.00,-2.13,1.202,1.034,0.688,24.35,4.59,1.610,1.205,0.805
batch_test_012,-0.04,-2.15,1.274,1.040,0.563,19.00,8.46,1.926,1.342,0.747,-0.02,-2.13,1.186,1.033,0.596,24.15,8.82,1.598,1.138,0.748
batch_test_013,-0.05,-2.19,1.930,1.072,0.573,4.63,1.04,2.299,1.209,0.641,0.03,-2.12,1.855,1.037,0.622,1.94,-0.66,2.246,1.125,0.667
batch_test_014,0.01,-2.12,1.231,1.035,0.482,14.86,5.42,1.536,1.204,0.529,-0.04,-2.13,1.167,1.025,0.571,19.34,7.24,1.646,1.150,0.666
batch_test_015,0.03,-2.14,1.427,1.047,0.606,16.51,5.41,1.917,1.305,0.719,-0.04,-2.18,1.375,1.043,0.709,23.04,6.79,1.971,1.265,0.788
batch_test_016,-0.03,-2.15,1.295,1.068,0.701,15.32,6.67,2.059,1.516,0.819,0.00,-2.12,1.259,1.069,0.773,39.19,9.33,2.192,1.472,0.883
batch_test_017,0.00,-2.12,1.327,1.076,0.658,21.42,6.16,1.726,1.308,0.771,-0.06,-2.17,1.206,1.046,0.747,29.69,7.40,1.662,1.242,0.843
batch_test_018,0.03,-2.12,1.414,1.055,0.606,14.95,5.55,1.902,1.328,0.715,0.02,-2.12,1.299,1.047,0.705,18.67,5.81,1.732,1.233,0.791
batch_test_019,0.03,-2.11,1.281,1.035,0.582,17.50,7.34,1.808,1.357,0.678,0.02,-2.15,1.229,1.032,0.695,25.62,8.07,1.838,1.334,0.775
batch_test_020,-0.02,-2.14,1.378,1.066,0.710,14.66,5.77,2.152,1.499,0.833,0.00,-2.10,1.322,1.049,0.816,17.81,4.63,1.844,1.263,0.876
batch_test_021,0.02,-2.12,1.390,1.066,0.535,13.05,5.69,1.923,1.369,0.725,0.04,-2.09,1.314,1.045,0.687,18.59,5.59,1.838,1.228,0.793
batch_test_022,0.03,-2.11,1.392,1.048,0.513,16.34,6.29,1.967,1.374,0.603,-0.01,-2.13,1.311,1.045,0.650,24.72,6.75,1.846,1.239,0.716
batch_test_023,0.02,-2.10,1.205,1.040,0.552,18.69,6.12,1.703,1.206,0.725,-0.03,-2.15,1.204,1.037,0.628,25.56,6.51,1.718,1.207,0.807
batch_test_024,0.01,-2.11,1.232,1.029,0.554,15.23,6.81,1.706,1.225,0.641,0.01,-2.11,1.159,1.022,0.650,13.91,6.36,1.765,1.152,0.728
batch_test_025,0.03,-2.10,1.695,1.091,0.641,30.08,7.35,2.158,1.542,0.720,-0.01,-2.13,1.533,1.074,0.669,34.16,6.09,1.939,1.370,0.739
batch_test_026,-0.04,-2.15,1.336,1.044,0.494,13.25,3.85,1.709,1.214,0.650,-0.01,-2.15,1.205,1.029,0.623,21.13,5.76,1.654,1.153,0.725
batch_test_027,0.01,-2.13,1.325,1.054,0.559,14.22,4.62,1.639,1.219,0.649,0.02,-2.11,1.277,1.045,0.689,19.07,4.77,1.731,1.212,0.743
batch_test_028,0.01,-2.12,1.577,1.086,0.668,16.51,7.30,2.259,1.581,0.763,-0.03,-2.16,1.443,1.068,0.748,23.41,7.75,1.987,1.374,0.816
batch_test_029,-0.04,-2.15,1.336,1.035,0.584,17.85,6.83,1.883,1.354,0.696,-0.03,-2.14,1.273,1.031,0.679,27.55,7.54,2.001,1.323,0.788
batch_test_030,-0.01,-2.14,1.379,1.059,0.483,13.74,4.86,1.781,1.182,0.540,0.01,-2.11,1.217,1.026,0.664,7.92,1.72,1.646,1.112,0.709
batch_test_031,-0.01,-2.13,1.443,1.098,0.604,14.98,4.46,2.049,1.506,0.668,-0.05,-2.18,1.312,1.066,0.721,18.98,5.51,2.048,1.366,0.757
batch_test_032,0.05,-2.10,1.245,1.115,0.530,16.77,5.64,2.064,1.536,0.657,-0.03,-2.15,1.318,1.054,0.578,27.87,5.38,1.900,1.372,0.682
batch_test_033,-0.07,-2.15,1.322,1.034,0.565,13.12,4.40,1.870,1.356,0.728,0.00,-2.15,1.221,1.026,0.663,27.91,6.83,1.858,1.291,0.800
batch_test_034,-0.03,-2.14,1.413,1.044,0.502,6.83,1.15,1.864,1.151,0.542,-0.05,-2.17,1.315,1.037,0.640,2.10,-0.76,1.883,1.112,0.639
batch_test_035,-0.05,-2.20,1.258,1.027,0.473,16.80,5.17,1.682,1.247,0.599,-0.01,-2.17,1.197,1.023,0.596,23.01,5.74,1.607,1.183,0.699
batch_test_036,-0.02,-2.15,1.593,1.096,0.660,0.31,-0.51,2.337,1.516,0.730,-0.02,-2.13,1.522,1.081,0.742,3.17,0.79,2.314,1.599,0.814
batch_test_037,0.01,-2.13,1.301,1.038,0.552,11.82,4.81,1.818,1.245,0.656,-0.05,-2.17,1.231,1.031,0.670,16.87,5.86,1.807,1.263,0.758
batch_test_038,0.03,-2.08,1.233,1.038,0.630,20.96,5.88,1.638,1.231,0.686,0.07,-2.08,1.146,1.026,0.697,23.43,4.71,1.449,1.138,0.707
batch_test_039,0.06,-2.09,1.140,1.023,0.580,2.67,-0.48,1.356,1.039,0.642,0.03,-2.12,1.125,1.018,0.747,5.12,0.87,1.330,1.036,0.761
batch_test_040,0.04,-2.10,1.480,1.053,0.530,8.78,1.91,1.834,1.190,0.625,-0.01,-2.12,1.434,1.041,0.590,8.41,2.71,1.884,1.165,0.676
batch_test_041,-0.05,-2.18,1.089,1.036,0.556,14.82,5.19,1.674,1.237,0.663,-0.00,-2.12,1.321,1.056,0.624,23.87,6.23,1.755,1.260,0.711
batch_test_042,-0.00,-2.12,1.221,1.031,0.524,16.94,5.30,1.678,1.325,0.587,-0.02,-2.13,1.181,1.028,0.640,27.57,6.04,1.627,1.208,0.670
batch_test_043,0.00,-2.11,1.398,1.051,0.581,9.25,2.85,1.868,1.186,0.681,0.02,-2.11,1.368,1.046,0.656,5.81,1.14,1.826,1.280,0.714
batch_test_044,0.00,-2.12,1.395,1.081,0.435,16.17,6.44,1.977,1.522,0.680,-0.04,-2.16,1.304,1.056,0.547,28.24,8.50,1.988,1.353,0.736
batch_test_045,-0.03,-2.16,1.199,1.030,0.575,19.80,7.73,1.800,1.352,0.684,0.02,-2.10,1.178,1.027,0.644,20.40,7.00,1.856,1.349,0.721
batch_test_046,0.02,-2.11,1.513,1.063,0.572,11.34,3.63,1.831,1.162,0.677,-0.01,-2.14,1.402,1.048,0.677,15.74,5.05,1.888,1.191,0.754
batch_test_047,0.06,-2.08,1.273,1.059,0.471,10.77,2.93,1.477,1.057,0.544,-0.01,-2.18,1.179,1.028,0.547,5.31,0.81,1.366,1.042,0.595
batch_test_048,0.03,-2.12,1.449,1.032,0.612,11.52,2.34,1.783,1.140,0.690,-0.01,-2.14,1.313,1.022,0.691,16.94,3.56,1.650,1.138,0.730
batch_test_049,-0.01,-2.10,1.521,1.210,0.499,13.51,2.73,1.876,1.313,0.581,0.03,-2.11,1.409,1.096,0.572,20.62,2.03,1.881,1.290,0.639
batch_test_050,-0.04,-2.14,1.372,1.072,0.608,15.84,6.06,2.021,1.460,0.724,0.03,-2.14,1.230,1.058,0.702,30.40,7.23,1.943,1.423,0.811
batch_test_051,-0.00,-2.12,1.321,1.035,0.639,19.57,6.76,1.842,1.352,0.697,-0.06,-2.17,1.243,1.026,0.724,14.43,3.22,1.647,1.162,0.751
batch_test_052,-0.03,-2.17,1.485,1.095,0.686,13.64,4.88,2.196,1.517,0.771,0.01,-2.13,1.424,1.071,0.769,16.65,5.88,2.135,1.246,0.820
batch_test_053,-0.01,-2.15,1.397,1.044,0.491,17.36,6.92,2.019,1.470,0.724,0.06,-2.11,1.350,1.037,0.618,24.11,8.00,2.246,1.412,0.815
batch_test_054,0.01,-2.11,1.440,1.043,0.557,17.65,6.49,1.942,1.331,0.697,0.05,-2.07,1.306,1.033,0.652,20.25,6.64,2.025,1.149,0.769
batch_test_055,-0.01,-2.14,1.496,1.157,0.590,12.88,4.10,1.712,1.274,0.676,0.01,-2.12,1.429,1.063,0.648,24.25,5.16,1.964,1.372,0.737
batch_test_056,-0.02,-2.12,1.578,1.065,0.637,2.22,0.62,2.169,1.320,0.712,-0.02,-2.13,1.487,1.044,0.681,4.51,1.33,1.884,1.285,0.733
batch_test_057,-0.02,-2.16,1.280,1.036,0.483,10.98,3.79,1.749,1.192,0.610,0.03,-2.10,1.234,1.027,0.555,16.76,5.66,1.715,1.206,0.695
batch_test_058,-0.02,-2.15,1.508,1.043,0.615,12.80,4.28,1.835,1.280,0.747,0.01,-2.11,1.367,1.029,0.741,15.64,3.88,1.567,1.140,0.811
batch_test_059,-0.00,-2.14,1.465,1.120,0.455,10.97,3.21,1.735,1.251,0.506,0.01,-2.10,1.423,1.080,0.526,20.68,4.98,1.773,1.232,0.588
batch_test_060,0.01,-2.12,1.272,1.044,0.518,11.31,5.24,1.772,1.240,0.660,-0.01,-2.12,1.227,1.026,0.622,21.73,7.91,1.884,1.186,0.735
batch_test_061,0.00,-2.15,1.731,1.298,0.528,18.13,6.38,2.317,1.745,0.607,-0.02,-2.15,2.144,1.175,0.473,28.75,6.08,2.294,1.600,0.521
batch_test_062,-0.02,-2.13,1.454,1.078,0.620,15.03,6.05,2.179,1.566,0.806,-0.00,-2.14,1.364,1.047,0.733,28.32,7.77,1.947,1.392,0.857
batch_test_063,0.00,-2.14,1.233,1.035,0.509,17.15,7.44,2.050,1.435,0.718,-0.03,-2.17,1.164,1.023,0.653,22.55,8.13,1.920,1.294,0.813
batch_test_064,-0.01,-2.12,1.372,1.054,0.621,15.08,5.49,1.857,1.295,0.695,-0.06,-2.14,1.305,1.042,0.724,25.25,6.06,1.789,1.230,0.765
batch_test_065,0.02,-2.13,1.287,1.049,0.473,18.89,7.20,1.882,1.323,0.578,0.01,-2.13,1.210,1.026,0.599,27.10,8.50,1.832,1.237,0.696
batch_test_066,-0.03,-2.16,1.423,1.073,0.596,15.38,7.01,2.010,1.444,0.751,0.00,-2.14,1.348,1.062,0.700,24.84,9.16,2.122,1.445,0.843
batch_test_067,-0.00,-2.14,1.352,1.060,0.562,10.54,4.68,1.934,1.357,0.699,0.03,-2.13,1.226,1.034,0.643,23.94,7.12,1.860,1.292,0.759
batch_test_068,0.03,-2.10,1.273,1.027,0.470,10.13,3.54,1.656,1.150,0.578,0.00,-2.14,1.228,1.034,0.560,8.35,2.83,1.743,1.129,0.641
batch_test_069,0.03,-2.08,1.267,1.047,0.516,13.95,4.83,1.707,1.256,0.616,-0.01,-2.16,1.213,1.032,0.649,22.80,5.20,1.583,1.191,0.725
batch_test_070,-0.02,-2.13,1.422,1.069,0.481,15.70,6.58,1.830,1.451,0.646,0.05,-2.09,1.342,1.059,0.547,21.40,7.80,2.102,1.531,0.722
batch_test_071,-0.02,-2.13,1.262,1.040,0.550,18.54,6.94,1.913,1.405,0.668,0.04,-2.09,1.217,1.034,0.601,27.93,6.71,1.924,1.395,0.723
batch_test_072,0.02,-2.10,1.533,1.131,0.517,15.52,4.50,1.423,1.091,0.604,0.02,-2.10,1.167,1.048,0.575,24.08,5.93,1.417,1.084,0.654
batch_test_073,0.03,-2.09,1.374,1.037,0.612,10.58,2.80,1.625,1.210,0.656,-0.03,-2.15,1.248,1.029,0.707,25.58,5.31,1.618,1.132,0.719
batch_test_074,0.02,-2.12,1.330,1.047,0.575,10.74,4.58,1.883,1.393,0.715,0.06,-2.09,1.273,1.028,0.681,18.92,8.33,2.026,1.484,0.803
batch_test_075,-0.00,-2.16,1.202,1.027,0.461,12.35,3.53,1.483,1.191,0.527,0.03,-2.10,1.147,1.023,0.569,21.45,7.23,1.574,1.172,0.661
batch_test_076,-0.07,-2.18,1.236,1.073,0.707,23.10,7.88,1.929,1.536,0.787,0.02,-2.11,1.184,1.051,0.767,33.40,9.19,2.010,1.500,0.869
batch_test_077,0.00,-2.13,1.324,1.055,0.648,34.52,10.44,2.328,1.697,0.811,0.01,-2.11,1.369,1.050,0.760,47.12,10.38,2.278,1.567,0.860
batch_test_078,-0.01,-2.13,1.599,1.107,0.668,13.92,5.43,2.091,1.510,0.754,-0.01,-2.14,1.542,1.080,0.774,45.57,6.50,2.135,1.496,0.803
batch_test_079,0.02,-2.15,1.298,1.085,0.547,13.22,6.30,1.818,1.401,0.696,0.01,-2.14,1.215,1.072,0.629,30.85,10.26,1.780,1.317,0.761
batch_test_080,-0.02,-2.13,1.316,1.040,0.524,11.68,5.12,1.850,1.177,0.671,0.02,-2.11,1.258,1.033,0.629,17.41,6.32,1.981,1.233,0.776
batch_test_081,0.06,-2.07,1.339,1.038,0.541,6.54,1.78,1.777,1.161,0.651,0.03,-2.10,1.272,1.029,0.677,3.38,-0.45,1.790,1.117,0.728
batch_test_082,-0.04,-2.16,1.431,1.080,0.633,20.19,5.66,1.923,1.377,0.762,0.02,-2.10,1.363,1.058,0.725,35.67,6.49,1.884,1.265,0.816
batch_test_083,0.02,-2.11,1.330,1.043,0.522,15.47,4.30,1.871,1.330,0.636,-0.01,-2.15,1.218,1.032,0.603,23.82,3.70,1.659,1.195,0.683
batch_test_084,-0.03,-2.15,1.602,1.085,0.628,8.99,2.16,1.988,1.125,0.735,0.00,-2.15,1.570,1.038,0.761,5.60,0.14,2.020,1.102,0.792
batch_test_085,0.01,-2.12,1.237,1.063,0.512,16.16,7.26,1.779,1.270,0.662,0.02,-2.08,1.143,1.063,0.667,24.52,8.92,1.714,1.191,0.758
batch_test_086,-0.00,-2.12,1.435,1.038,0.572,6.88,2.76,1.835,1.224,0.654,0.01,-2.12,1.360,1.031,0.711,10.58,4.38,1.938,1.251,0.777
batch_test_087,0.01,-2.12,1.390,1.037,0.560,14.78,6.05,1.957,1.374,0.724,0.02,-2.10,1.322,1.027,0.670,22.36,6.43,1.906,1.238,0.789
batch_test_088,-0.02,-2.15,1.418,1.049,0.539,7.52,2.80,1.894,1.269,0.686,0.04,-2.10,1.377,1.046,0.644,11.63,4.36,1.962,1.254,0.763
batch_test_089,-0.02,-2.15,1.258,1.051,0.557,17.35,4.97,1.743,1.330,0.691,-0.03,-2.15,1.183,1.030,0.668,25.34,5.93,1.623,1.248,0.799
batch_test_090,-0.02,-2.16,1.503,1.069,0.581,16.33,6.57,2.088,1.495,0.698,0.01,-2.13,1.406,1.063,0.600,24.23,7.90,2.014,1.418,0.728
batch_test_091,-0.00,-2.14,1.340,1.076,0.462,12.47,5.51,1.854,1.406,0.638,-0.04,-2.16,1.209,1.035,0.573,20.50,7.43,2.026,1.440,0.723
batch_test_092,0.01,-2.15,1.277,1.028,0.486,8.42,1.59,1.347,1.069,0.567,0.03,-2.14,1.200,1.026,0.580,15.48,4.67,1.364,1.073,0.622
batch_test_093,0.01,-2.13,1.332,1.030,0.469,17.29,6.65,1.741,1.244,0.601,-0.03,-2.18,1.238,1.023,0.587,13.16,4.45,1.652,1.146,0.677
batch_test_094,0.03,-2.09,1.401,1.054,0.490,15.95,4.94,1.866,1.225,0.645,-0.02,-2.14,1.279,1.039,0.566,21.19,6.00,1.829,1.160,0.724
batch_test_095,0.03,-2.09,1.198,1.038,0.656,18.03,3.92,1.509,1.147,0.708,0.02,-2.14,1.138,1.026,0.760,56.86,5.43,1.630,1.165,0.790
batch_test_096,0.02,-2.11,1.336,1.060,0.527,12.51,3.33,1.627,1.178,0.634,-0.03,-2.17,1.234,1.051,0.629,18.50,4.63,1.599,1.126,0.699
batch_test_097,-0.00,-2.16,1.278,1.071,0.598,18.14,4.74,1.688,1.280,0.629,-0.04,-2.18,1.279,1.087,0.699,36.71,6.32,1.597,1.212,0.758
batch_test_098,0.00,-2.09,1.293,1.042,0.318,17.78,8.14,1.674,1.254,0.464,-0.13,-2.26,1.317,1.039,0.443,24.80,9.47,2.036,1.325,0.552
batch_test_099,-0.02,-2.13,1.350,1.072,0.638,23.07,6.21,2.302,1.602,0.742,-0.01,-2.10,1.249,1.049,0.734,26.06,4.60,1.712,1.236,0.789
batch_test_100,-0.02,-2.13,1.499,1.048,0.530,12.67,4.12,1.892,1.190,0.671,0.02,-2.11,1.422,1.025,0.608,10.93,3.90,1.814,1.069,0.696
batch_test_101,-0.00,-2.16,1.445,1.071,0.552,11.54,3.39,1.719,1.291,0.620,-0.02,-2.18,1.399,1.053,0.607,26.30,5.96,1.921,1.377,0.687
batch_test_102,0.00,-2.13,1.319,1.052,0.389,12.74,4.45,1.601,1.186,0.494,-0.03,-2.17,1.214,1.036,0.471,13.29,4.60,1.640,1.161,0.616
batch_test_103,0.01,-2.11,1.481,1.039,0.502,13.83,5.54,2.041,1.325,0.635,-0.01,-2.13,1.397,1.030,0.642,14.28,6.11,2.020,1.210,0.726
batch_test_104,0.02,-2.11,1.208,1.045,0.411,11.28,4.53,2.229,1.361,0.504,-0.07,-2.20,1.219,1.036,0.547,19.89,3.45,1.509,1.119,0.612
batch_test_105,-0.08,-2.21,1.301,1.052,0.499,16.04,7.15,2.120,1.521,0.699,0.04,-2.12,1.340,1.047,0.597,27.02,8.42,2.370,1.583,0.797
batch_test_106,0.01,-2.11,1.260,1.029,0.479,16.88,6.92,1.473,1.196,0.553,0.02,-2.11,1.215,1.023,0.596,17.95,7.63,1.764,1.244,0.667
batch_test_107,-0.00,-2.13,1.479,1.056,0.649,3.30,-0.17,1.919,1.155,0.685,0.02,-2.10,1.339,1.039,0.776,-1.57,-3.23,1.715,1.114,0.767
batch_test_108,-0.00,-2.11,1.440,1.093,0.625,14.49,3.93,1.928,1.358,0.712,-0.02,-2.13,1.367,1.066,0.628,23.00,5.36,1.888,1.314,0.748
batch_test_109,0.03,-2.11,1.510,1.080,0.751,-0.57,-2.00,2.389,1.458,0.827,0.02,-2.11,1.278,1.032,0.734,-2.81,-4.00,1.808,1.131,0.795
batch_test_110,-0.01,-2.15,1.421,1.042,0.537,17.31,6.22,1.817,1.347,0.661,-0.05,-2.16,1.304,1.024,0.643,27.68,8.79,1.877,1.282,0.733
batch_test_111,0.04,-2.11,1.369,1.054,0.565,14.05,5.19,1.947,1.463,0.711,0.03,-2.09,1.242,1.063,0.633,26.74,6.74,1.859,1.397,0.784
batch_test_112,-0.02,-2.16,1.328,1.031,0.557,3.11,0.21,1.675,1.156,0.623,0.02,-2.13,1.282,1.040,0.610,12.94,4.13,1.730,1.152,0.696
batch_test_113,0.03,-2.09,1.568,1.055,0.540,14.46,2.88,1.916,1.272,0.628,-0.04,-2.17,1.456,1.046,0.636,21.96,4.78,2.000,1.175,0.719
batch_test_114,0.02,-2.11,1.378,1.028,0.445,1.18,-1.64,1.558,1.046,0.524,-0.00,-2.14,1.354,1.024,0.578,1.84,-0.56,1.799,1.105,0.627
batch_test_115,-0.01,-2.13,1.377,1.065,0.655,16.31,6.16,2.188,1.580,0.809,0.02,-2.09,1.307,1.051,0.763,26.46,8.40,2.138,1.623,0.884
batch_test_116,0.02,-2.11,1.426,1.055,0.572,11.61,4.30,1.793,1.263,0.680,-0.01,-2.10,1.307,1.036,0.659,14.04,4.36,1.754,1.264,0.744
batch_test_117,-0.05,-2.16,1.279,1.101,0.524,19.94,8.19,1.848,1.335,0.687,0.03,-2.10,1.205,1.131,0.639,24.31,6.60,1.726,1.209,0.758
batch_test_118,0.00,-2.13,1.216,1.074,0.597,6.17,1.01,1.350,1.089,0.667,0.00,-2.12,1.370,1.028,0.708,7.54,0.40,1.557,1.061,0.754
batch_test_119,-0.02,-2.13,1.350,1.072,0.648,13.34,5.17,1.978,1.442,0.761,0.02,-2.11,1.261,1.044,0.753,19.04,4.50,1.661,1.216,0.812
batch_test_120,0.00,-2.14,1.411,1.046,0.633,20.37,7.01,2.087,1.445,0.737,0.00,-2.14,1.310,1.032,0.743,26.37,6.20,1.795,1.229,0.796
batch_test_121,-0.05,-2.18,1.362,1.052,0.602,21.30,7.03,2.072,1.562,0.769,-0.04,-2.16,1.267,1.037,0.687,29.97,5.87,1.762,1.267,0.787
batch_test_122,0.03,-2.11,1.335,1.041,0.508,14.71,6.37,1.969,1.415,0.646,0.00,-2.12,1.286,1.032,0.626,20.77,7.33,1.933,1.405,0.762
batch_test_123,-0.03,-2.13,1.628,1.049,0.438,8.91,1.74,1.406,1.066,0.519,0.02,-2.10,1.462,1.080,0.531,13.82,3.63,1.372,1.057,0.610
batch_test_124,0.02,-2.13,1.317,1.070,0.537,14.42,5.05,1.593,1.352,0.617,-0.02,-2.14,1.281,1.062,0.645,22.23,5.20,1.732,1.271,0.705
batch_test_125,-0.01,-2.14,1.272,1.027,0.642,4.73,0.64,1.699,1.085,0.701,-0.03,-2.15,1.174,1.021,0.774,12.15,2.91,1.530,1.091,0.771
batch_test_126,-0.04,-2.16,1.275,1.053,0.585,12.26,2.42,1.617,1.166,0.662,0.02,-2.13,1.190,1.048,0.665,18.99,3.55,1.671,1.122,0.718
batch_test_127,-0.01,-2.12,1.397,1.070,0.547,15.71,7.81,2.007,1.488,0.712,-0.01,-2.14,1.307,1.057,0.647,22.38,8.74,2.129,1.589,0.782
batch_test_128,-0.02,-2.12,1.324,1.047,0.483,16.47,3.96,1.385,1.095,0.572,0.00,-2.13,1.257,1.032,0.640,13.77,2.33,1.491,1.047,0.673
batch_test_129,-0.02,-2.11,1.477,1.070,0.472,9.93,3.97,2.095,1.387,0.634,-0.00,-2.11,1.384,1.047,0.505,17.35,6.13,2.091,1.412,0.651
batch_test_130,-0.02,-2.12,1.532,1.181,0.473,16.47,4.68,1.605,1.159,0.618,0.03,-2.10,1.390,1.062,0.509,24.66,5.88,1.712,1.168,0.623
batch_test_131,0.00,-2.09,1.455,1.052,0.524,6.36,1.34,1.872,1.200,0.639,-0.01,-2.13,1.321,1.034,0.591,14.07,4.26,1.803,1.063,0.688
batch_test_132,0.00,-2.14,1.189,1.029,0.491,19.00,6.35,1.641,1.304,0.645,-0.05,-2.16,1.206,1.024,0.663,25.18,7.44,1.634,1.137,0.776
batch_test_133,0.02,-2.11,1.487,1.061,0.573,15.19,3.23,1.718,1.259,0.674,0.05,-2.07,1.432,1.050,0.641,14.21,2.90,1.722,1.154,0.718
batch_test_134,0.01,-2.13,1.345,1.043,0.533,6.81,1.42,1.679,1.093,0.617,0.02,-2.11,1.268,1.031,0.620,8.67,2.75,1.679,1.102,0.681
batch_test_135,-0.01,-2.13,1.382,1.056,0.593,31.63,8.07,1.995,1.353,0.643,-0.00,-2.14,1.294,1.047,0.524,58.99,7.75,1.884,1.246,0.573
batch_test_136,0.01,-2.13,1.291,1.039,0.530,10.15,3.78,1.741,1.185,0.608,-0.02,-2.12,1.247,1.029,0.630,10.74,4.19,1.802,1.170,0.696
batch_test_137,-0.00,-2.12,1.241,1.026,0.546,11.93,2.45,1.422,1.081,0.599,-0.01,-2.14,1.149,1.022,0.677,4.38,-0.89,1.360,1.044,0.697
batch_test_138,-0.04,-2.15,1.307,1.051,0.509,16.67,5.21,1.681,1.241,0.636,0.02,-2.11,1.266,1.041,0.549,24.87,6.66,1.861,1.300,0.680
batch_test_139,0.01,-2.13,1.338,1.052,0.521,17.93,6.52,1.853,1.331,0.604,0.00,-2.13,1.271,1.044,0.581,27.31,7.56,1.877,1.317,0.665
batch_test_140,-0.02,-2.14,1.325,1.064,0.545,13.84,6.63,1.855,1.316,0.696,-0.00,-2.12,1.298,1.046,0.597,19.93,6.23,1.781,1.287,0.723
batch_test_141,-0.00,-2.15,1.490,1.070,0.531,15.36,4.64,1.841,1.298,0.620,-0.02,-2.15,1.278,1.046,0.621,24.58,5.68,1.840,1.235,0.684
batch_test_142,0.04,-2.11,1.482,1.097,0.549,12.72,4.66,1.763,1.304,0.643,0.06,-2.07,1.424,1.072,0.646,23.08,6.60,1.826,1.306,0.740
batch_test_143,0.02,-2.14,1.741,1.126,0.412,11.94,3.13,2.122,1.360,0.512,-0.02,-2.13,1.667,1.088,0.460,17.78,2.31,2.312,1.341,0.566
batch_test_144,0.01,-2.11,1.306,1.051,0.511,7.16,2.41,1.704,1.239,0.630,-0.02,-2.15,1.263,1.035,0.560,16.21,6.15,1.759,1.258,0.648
batch_test_145,0.02,-2.11,1.440,1.042,0.606,13.98,2.90,1.806,1.219,0.704,-0.02,-2.16,1.319,1.035,0.672,22.93,4.95,1.739,1.188,0.761
batch_test_146,0.01,-2.12,1.216,1.039,0.561,16.61,6.97,1.795,1.375,0.693,0.00,-2.15,1.191,1.038,0.640,26.79,7.17,1.868,1.294,0.775
batch_test_147,0.02,-2.13,1.706,1.067,0.564,4.24,0.79,2.031,1.123,0.639,-0.03,-2.14,1.708,1.050,0.647,-1.42,-3.29,2.000,1.066,0.665
batch_test_148,-0.03,-2.14,1.507,1.042,0.530,10.55,3.78,1.824,1.198,0.624,-0.00,-2.14,1.457,1.035,0.554,11.96,5.05,1.931,1.144,0.635
batch_test_149,-0.02,-2.14,1.412,1.063,0.661,17.92,6.18,2.042,1.534,0.761,0.00,-2.12,1.339,1.052,0.741,74.81,7.71,2.126,1.559,0.806
batch_test_150,0.03,-2.13,1.480,1.165,0.651,8.65,3.20,1.876,1.406,0.760,-0.03,-2.14,1.395,1.171,0.754,29.91,6.52,1.897,1.404,0.823
batch_test_151,-0.01,-2.13,1.565,1.090,0.650,23.53,7.10,2.330,1.713,0.788,0.01,-2.10,1.479,1.052,0.737,33.21,7.55,2.038,1.463,0.835
batch_test_152,-0.01,-2.15,1.482,1.061,0.608,14.25,4.92,1.798,1.322,0.733,-0.00,-2.15,1.449,1.050,0.708,23.29,6.61,1.976,1.349,0.813
batch_test_153,-0.01,-2.13,1.578,1.076,0.653,5.12,1.66,2.201,1.220,0.701,-0.01,-2.13,1.572,1.060,0.746,0.57,-1.45,2.143,1.147,0.739
batch_test_154,-0.05,-2.18,1.296,1.044,0.616,12.21,4.82,1.893,1.396,0.741,0.06,-2.12,1.239,1.032,0.719,22.10,6.15,1.811,1.310,0.815
batch_test_155,0.02,-2.13,1.348,1.056,0.641,11.84,3.93,1.803,1.336,0.769,0.02,-2.13,1.292,1.036,0.723,16.32,4.28,1.663,1.214,0.818
batch_test_156,0.01,-2.12,1.334,1.039,0.505,15.18,5.77,1.899,1.368,0.647,0.00,-2.13,1.220,1.025,0.611,24.37,4.17,1.551,1.159,0.702
batch_test_157,-0.04,-2.19,1.273,1.038,0.555,21.45,10.03,2.093,1.523,0.746,-0.00,-2.12,1.177,1.032,0.699,27.29,10.26,1.994,1.291,0.843
batch_test_158,0.07,-2.07,1.427,1.067,0.637,13.15,4.86,1.958,1.422,0.779,-0.01,-2.14,1.278,1.040,0.705,21.99,6.05,1.670,1.264,0.823
batch_test_159,-0.00,-2.12,1.381,1.048,0.518,9.90,4.32,1.875,1.314,0.690,-0.00,-2.14,1.295,1.035,0.611,14.43,5.87,1.794,1.296,0.737
batch_test_160,0.07,-2.08,1.243,1.039,0.440,18.33,7.68,1.838,1.449,0.633,-0.00,-2.16,1.189,1.032,0.561,29.93,5.70,1.759,1.317,0.711
batch_test_161,0.01,-2.13,1.327,1.036,0.580,10.60,2.83,1.667,1.146,0.617,-0.00,-2.14,1.211,1.030,0.671,15.24,4.28,1.558,1.146,0.684
batch_test_162,0.00,-2.12,1.463,1.086,0.630,18.55,4.31,1.718,1.376,0.726,0.01,-2.12,1.324,1.055,0.715,27.36,6.03,1.691,1.254,0.800
batch_test_163,0.03,-2.12,1.294,1.042,0.612,17.04,5.65,1.895,1.408,0.768,0.01,-2.13,1.211,1.033,0.723,21.55,5.41,1.673,1.186,0.814
batch_test_164,-0.01,-2.15,1.328,1.053,0.537,14.08,5.54,1.870,1.477,0.686,-0.01,-2.15,1.248,1.037,0.670,28.77,7.74,1.874,1.437,0.787
batch_test_165,-0.01,-2.14,1.315,1.033,0.503,16.01,5.18,1.674,1.205,0.623,-0.03,-2.14,1.272,1.029,0.583,16.97,4.49,1.733,1.198,0.712
batch_test_166,-0.01,-2.14,1.228,1.032,0.603,14.61,4.19,1.599,1.118,0.747,0.04,-2.11,1.149,1.031,0.721,24.83,5.30,1.504,1.063,0.811
batch_test_167,0.04,-2.12,1.282,1.038,0.554,12.16,5.44,1.771,1.338,0.644,-0.02,-2.14,1.231,1.035,0.640,14.92,6.87,2.001,1.411,0.737
batch_test_168,0.03,-2.11,1.713,1.180,0.559,12.91,3.72,2.062,1.476,0.653,-0.01,-2.13,1.737,1.178,0.625,21.08,5.92,2.236,1.539,0.742
batch_test_169,-0.00,-2.14,1.363,1.082,0.426,9.42,3.28,1.540,1.168,0.518,0.01,-2.13,1.427,1.045,0.536,27.50,7.75,1.837,1.263,0.638
batch_test_170,0.02,-2.10,1.391,1.058,0.609,13.84,6.10,1.950,1.388,0.733,0.01,-2.12,1.382,1.054,0.683,27.07,8.11,2.050,1.380,0.791
batch_test_171,0.03,-2.12,1.597,1.043,0.665,9.68,2.32,2.081,1.259,0.750,-0.02,-2.12,1.407,1.027,0.775,6.61,1.65,1.682,1.083,0.801
batch_test_172,0.02,-2.10,1.618,1.093,0.544,17.77,7.56,2.274,1.511,0.692,0.03,-2.10,1.486,1.093,0.501,25.72,8.10,2.502,1.514,0.584
batch_test_173,0.00,-2.12,1.229,1.024,0.491,12.37,3.05,1.469,1.111,0.557,-0.00,-2.16,1.207,1.023,0.582,19.65,4.56,1.506,1.097,0.675
batch_test_174,-0.05,-2.18,1.227,1.027,0.579,21.25,4.73,1.405,1.106,0.595,0.02,-2.10,1.154,1.023,0.642,20.72,4.00,1.529,1.091,0.660
batch_test_175,0.01,-2.12,1.162,1.024,0.580,5.88,1.66,1.789,1.107,0.623,0.03,-2.11,1.213,1.021,0.594,4.23,1.15,1.933,1.081,0.664
batch_test_176,0.00,-2.15,1.180,1.032,0.553,14.22,4.28,1.499,1.162,0.709,-0.02,-2.12,1.134,1.026,0.682,19.54,4.88,1.510,1.119,0.796
batch_test_177,-0.01,-2.14,1.372,1.048,0.714,3.89,0.89,1.974,1.251,0.805,0.02,-2.10,1.328,1.030,0.813,3.29,-0.98,1.789,1.149,0.822
batch_test_178,0.08,-2.06,1.244,1.025,0.580,13.70,4.30,1.516,1.146,0.658,-0.00,-2.13,1.160,1.020,0.734,25.12,5.87,1.562,1.128,0.763
batch_test_179,-0.01,-2.15,1.240,1.024,0.560,14.87,5.33,1.579,1.155,0.669,0.07,-2.06,1.177,1.022,0.679,24.13,6.84,1.541,1.140,0.747
batch_test_180,0.01,-2.12,1.186,1.027,0.450,13.10,4.57,1.449,1.072,0.509,-0.02,-2.13,1.127,1.023,0.567,12.16,4.75,1.432,1.063,0.612
batch_test_181,0.02,-2.12,1.436,1.065,0.531,10.33,2.05,1.778,1.283,0.664,-0.01,-2.13,1.217,1.031,0.503,19.21,3.07,1.486,1.105,0.626
batch_test_182,0.04,-2.09,1.285,1.036,0.618,0.28,-0.43,1.996,1.124,0.716,0.02,-2.10,1.239,1.033,0.746,0.28,-0.50,2.040,1.137,0.796
batch_test_183,0.01,-2.13,1.282,1.046,0.586,8.79,2.03,1.719,1.209,0.724,-0.02,-2.12,1.259,1.036,0.716,21.27,5.81,1.681,1.122,0.802
batch_test_184,0.01,-2.12,1.512,1.061,0.569,11.57,4.47,1.991,1.388,0.726,-0.03,-2.11,1.329,1.044,0.693,15.55,5.70,1.829,1.360,0.816
batch_test_185,0.01,-2.12,1.499,1.056,0.652,8.71,2.94,1.878,1.318,0.752,-0.01,-2.10,1.441,1.042,0.741,14.42,4.97,1.949,1.231,0.813
batch_test_186,-0.03,-2.16,1.464,1.091,0.407,12.31,5.39,1.653,1.186,0.518,-0.00,-2.12,1.344,1.045,0.425,18.35,7.64,1.670,1.172,0.514
batch_test_187,0.03,-2.07,1.490,1.074,0.548,15.83,3.54,1.916,1.331,0.670,-0.04,-2.15,1.419,1.042,0.598,18.94,3.00,1.921,1.236,0.689
batch_test_188,-0.00,-2.15,1.498,1.063,0.609,11.54,5.14,2.035,1.365,0.743,-0.01,-2.16,1.365,1.054,0.686,14.70,6.18,2.011,1.254,0.797
batch_test_189,0.00,-2.11,1.568,1.114,0.584,17.73,6.50,2.049,1.515,0.715,-0.03,-2.15,1.518,1.080,0.700,22.52,6.92,2.021,1.427,0.807
batch_test_190,-0.01,-2.12,1.472,1.097,0.584,18.84,9.11,2.342,1.664,0.702,-0.02,-2.13,1.433,1.096,0.701,19.24,3.47,2.073,1.374,0.776
batch_test_191,0.04,-2.08,1.445,1.046,0.561,12.94,4.82,1.819,1.163,0.674,0.06,-2.08,1.354,1.034,0.623,12.19,4.47,1.720,1.092,0.724
batch_test_192,-0.02,-2.14,1.307,1.036,0.551,3.57,-0.54,1.674,1.128,0.657,-0.00,-2.13,1.225,1.030,0.633,1.79,-1.98,1.586,1.045,0.699
batch_test_193,-0.06,-2.17,1.508,1.079,0.535,15.94,5.00,1.751,1.299,0.629,-0.03,-2.16,1.368,1.059,0.663,32.26,4.85,1.689,1.266,0.705
batch_test_194,-0.07,-2.19,1.283,1.043,0.626,7.51,3.41,2.083,1.154,0.771,-0.00,-2.12,1.203,1.022,0.727,1.88,0.66,1.969,1.097,0.807
batch_test_195,-0.00,-2.13,1.360,1.050,0.530,17.65,8.36,1.950,1.479,0.725,0.01,-2.12,1.264,1.040,0.645,23.78,10.11,2.015,1.326,0.783
batch_test_196,0.01,-2.11,1.591,1.044,0.644,6.36,2.17,2.098,1.142,0.726,-0.02,-2.13,1.457,1.034,0.755,5.40,1.45,2.036,1.134,0.802
batch_test_197,0.06,-2.08,1.405,1.054,0.619,22.79,7.40,2.043,1.409,0.746,0.01,-2.10,1.285,1.034,0.649,23.18,6.46,1.786,1.174,0.736
batch_test_198,0.01,-2.12,1.398,1.049,0.604,3.87,-0.46,1.575,1.092,0.662,0.01,-2.13,1.365,1.050,0.715,15.21,4.49,1.701,1.162,0.775
batch_test_199,0.04,-2.11,1.454,1.069,0.549,13.72,4.39,1.860,1.394,0.668,0.03,-2.13,1.334,1.040,0.670,25.21,5.39,1.805,1.271,0.761
batch_test_200,0.01,-2.13,1.236,1.070,0.478,16.64,7.19,1.654,1.150,0.607,0.01,-2.10,1.241,1.058,0.586,24.33,8.48,1.515,1.081,0.709
batch_test_201,-0.02,-2.12,1.453,1.049,0.525,14.83,5.92,1.796,1.265,0.647,-0.01,-2.12,1.353,1.037,0.600,22.11,7.24,1.951,1.250,0.725
batch_test_202,0.05,-2.06,1.135,1.040,0.518,15.33,6.47,1.610,1.266,0.631,0.07,-2.07,1.114,1.064,0.608,34.88,8.03,1.799,1.312,0.733
batch_test_203,0.03,-2.11,1.386,1.042,0.565,10.13,4.39,1.997,1.204,0.642,0.01,-2.12,1.314,1.032,0.614,9.39,3.22,1.948,1.160,0.693
batch_test_204,-0.02,-2.14,1.358,1.075,0.517,19.63,6.40,1.673,1.233,0.697,0.04,-2.10,1.272,1.044,0.608,13.69,4.20,1.697,1.192,0.754
batch_test_205,0.00,-2.12,1.327,1.032,0.567,9.26,3.03,1.795,1.138,0.632,-0.02,-2.13,1.193,1.026,0.633,7.68,0.80,1.595,1.073,0.657
batch_test_206,-0.03,-2.15,1.395,1.066,0.563,5.40,2.39,1.942,1.291,0.656,-0.01,-2.12,1.383,1.056,0.645,4.94,2.19,1.960,1.241,0.700
batch_test_207,-0.06,-2.15,1.682,1.183,0.395,13.34,3.16,2.016,1.057,0.560,0.03,-2.12,1.531,1.136,0.469,21.12,3.79,1.916,1.273,0.606
batch_test_208,0.01,-2.14,1.538,1.113,0.365,19.27,6.84,1.880,1.371,0.560,0.02,-2.10,1.554,1.113,0.421,26.49,9.04,2.345,1.528,0.674
batch_test_209,0.02,-2.13,1.421,1.073,0.612,23.61,5.74,1.859,1.282,0.716,0.01,-2.14,1.356,1.057,0.684,66.48,7.68,1.850,1.285,0.748
batch_test_210,0.01,-2.12,1.320,1.037,0.467,10.11,4.16,1.777,1.263,0.563,-0.03,-2.12,1.275,1.031,0.559,13.71,5.55,1.873,1.248,0.669
batch_test_211,-0.00,-2.13,1.445,1.059,0.450,13.99,5.71,1.831,1.372,0.602,-0.04,-2.13,1.388,1.042,0.551,25.07,7.46,2.051,1.354,0.728
batch_test_212,0.01,-2.12,1.361,1.050,0.602,18.81,6.73,1.935,1.365,0.700,-0.01,-2.14,1.286,1.044,0.694,27.38,8.35,1.888,1.265,0.762
batch_test_213,-0.01,-2.14,1.480,1.078,0.686,28.41,8.12,1.904,1.388,0.750,-0.03,-2.16,1.349,1.057,0.741,37.27,6.41,1.886,1.254,0.775
batch_test_214,-0.03,-2.16,2.229,1.419,0.426,15.83,5.36,1.817,1.294,0.565,-0.02,-2.12,1.242,1.058,0.498,26.75,5.75,1.612,1.218,0.680
batch_test_215,0.01,-2.14,1.269,1.038,0.621,11.34,4.90,1.959,1.156,0.710,-0.01,-2.13,1.204,1.033,0.686,11.11,4.95,1.881,1.115,0.755
batch_test_216,0.02,-2.12,1.345,1.060,0.545,13.86,3.90,1.662,1.236,0.631,0.01,-2.13,1.221,1.032,0.639,14.64,3.68,1.606,1.159,0.704
batch_test_217,0.03,-2.10,1.632,1.094,0.554,16.75,6.13,1.776,1.242,0.618,0.01,-2.12,1.484,1.074,0.644,22.69,6.50,1.806,1.131,0.693
batch_test_218,-0.02,-2.13,1.286,1.038,0.490,17.14,7.68,1.810,1.311,0.605,0.01,-2.13,1.322,1.032,0.569,23.84,9.51,1.891,1.230,0.661
batch_test_219,-0.02,-2.15,1.270,1.036,0.544,21.01,8.36,1.815,1.245,0.641,0.03,-2.10,1.189,1.028,0.622,21.79,7.88,1.677,1.204,0.671
batch_test_220,-0.00,-2.11,1.396,1.071,0.650,14.05,4.86,2.166,1.400,0.741,0.04,-2.08,1.342,1.073,0.675,22.73,4.15,1.791,1.250,0.747
batch_test_221,0.06,-2.05,1.502,1.075,0.561,14.76,5.26,2.044,1.442,0.736,0.01,-2.12,1.432,1.059,0.670,20.73,6.20,2.085,1.342,0.801
batch_test_222,-0.00,-2.12,1.443,1.077,0.536,14.18,5.52,2.113,1.452,0.646,-0.03,-2.15,1.450,1.059,0.585,21.24,6.21,1.928,1.314,0.688
batch_test_223,0.03,-2.08,1.496,1.048,0.479,13.51,4.43,2.019,1.115,0.655,-0.02,-2.13,1.385,1.036,0.565,17.03,4.88,1.958,1.366,0.722
batch_test_224,0.01,-2.13,1.418,1.039,0.656,30.39,9.32,1.842,1.334,0.705,0.01,-2.13,1.314,1.037,0.673,22.16,5.26,1.781,1.132,0.714
batch_test_225,-0.00,-2.13,1.409,1.079,0.565,15.19,5.41,1.891,1.347,0.699,-0.02,-2.17,1.340,1.064,0.670,24.54,6.74,1.985,1.320,0.762
batch_test_226,-0.02,-2.14,1.241,1.028,0.544,12.85,5.11,1.710,1.229,0.669,-0.01,-2.14,1.177,1.023,0.651,23.31,6.74,1.580,1.141,0.740
batch_test_227,-0.02,-2.14,1.474,1.048,0.577,3.30,0.96,2.061,1.199,0.657,0.01,-2.13,1.400,1.041,0.721,-0.52,-2.43,1.878,1.142,0.767
batch_test_228,-0.05,-2.16,1.398,1.083,0.546,16.92,7.07,2.071,1.556,0.676,-0.01,-2.15,1.397,1.065,0.693,27.70,9.42,2.136,1.420,0.798
batch_test_229,-0.02,-2.16,1.239,1.060,0.529,12.77,4.73,1.682,1.321,0.652,0.00,-2.13,1.181,1.035,0.639,18.46,6.46,1.677,1.231,0.760
batch_test_230,0.00,-2.12,1.240,1.031,0.598,15.80,6.79,1.967,1.478,0.763,-0.02,-2.15,1.190,1.026,0.681,20.79,7.05,1.804,1.290,0.822
batch_test_231,-0.00,-2.11,1.301,1.049,0.561,24.95,7.00,1.754,1.358,0.647,0.03,-2.10,1.220,1.034,0.660,27.33,5.73,1.633,1.190,0.733
batch_test_232,-0.06,-2.18,1.289,1.039,0.438,15.40,5.10,1.571,1.186,0.516,-0.08,-2.18,1.175,1.023,0.554,26.93,6.52,1.604,1.194,0.667
batch_test_233,0.00,-2.13,1.430,1.047,0.532,12.48,4.44,1.872,1.272,0.716,-0.00,-2.12,1.318,1.034,0.631,17.46,5.29,1.774,1.244,0.793
batch_test_234,0.02,-2.08,1.201,1.031,0.502,16.05,6.07,1.668,1.270,0.628,0.03,-2.09,1.122,1.021,0.655,26.14,7.43,1.622,1.191,0.759
batch_test_235,-0.00,-2.13,1.461,1.099,0.571,14.05,3.90,2.152,1.353,0.656,-0.02,-2.13,1.422,1.076,0.585,18.25,5.24,2.076,1.284,0.633
batch_test_236,-0.01,-2.16,1.417,1.062,0.601,14.98,6.19,1.948,1.395,0.768,0.00,-2.11,1.306,1.039,0.730,21.88,7.46,1.926,1.305,0.840
batch_test_237,-0.01,-2.14,1.240,1.031,0.514,16.63,6.12,1.729,1.338,0.633,-0.01,-2.15,1.166,1.022,0.600,28.17,8.33,1.843,1.391,0.702
batch_test_238,0.04,-2.16,1.268,1.055,0.532,17.06,6.25,1.954,1.468,0.725,0.01,-2.12,1.184,1.040,0.624,20.71,7.08,1.948,1.343,0.787
batch_test_239,-0.01,-2.15,1.258,1.035,0.582,18.43,7.20,2.085,1.472,0.751,0.03,-2.11,1.188,1.030,0.674,26.63,6.29,1.690,1.282,0.802
batch_test_240,-0.01,-2.14,1.838,1.195,0.538,16.24,6.89,2.632,1.831,0.595,0.08,-2.06,1.695,1.152,0.530,27.56,8.38,2.440,1.615,0.543
batch_test_241,-0.01,-2.14,1.418,1.036,0.696,20.53,4.89,1.885,1.273,0.735,-0.00,-2.12,1.351,1.030,0.800,19.98,3.38,1.800,1.140,0.784
batch_test_242,0.01,-2.11,1.280,1.031,0.487,16.13,5.88,1.691,1.272,0.621,0.03,-2.08,1.202,1.025,0.634,21.85,6.63,1.657,1.165,0.724
batch_test_243,0.02,-2.13,1.185,1.061,0.534,14.74,5.21,1.733,1.329,0.716,-0.01,-2.13,1.275,1.082,0.671,25.68,7.32,1.751,1.300,0.817
batch_test_244,-0.01,-2.14,1.289,1.044,0.469,16.89,6.60,1.950,1.323,0.536,-0.01,-2.14,1.265,1.038,0.475,21.47,6.89,1.780,1.201,0.555
batch_test_245,-0.09,-2.18,1.532,1.048,0.558,6.30,0.91,1.812,1.171,0.584,-0.05,-2.16,1.395,1.041,0.706,1.68,-1.64,1.783,1.103,0.713
batch_test_246,-0.04,-2.16,1.300,1.146,0.599,13.38,4.48,1.853,1.287,0.693,0.02,-2.13,1.360,1.044,0.684,22.86,6.14,1.661,1.163,0.774
batch_test_247,-0.01,-2.13,1.375,1.067,0.429,16.12,5.87,1.876,1.398,0.566,-0.03,-2.17,1.302,1.061,0.464,25.90,5.56,2.034,1.389,0.625
batch_test_248,0.03,-2.10,1.387,1.066,0.573,15.32,5.47,1.851,1.361,0.695,0.01,-2.12,1.345,1.040,0.647,26.12,6.62,1.830,1.370,0.777
batch_test_249,0.00,-2.14,1.442,1.077,0.648,17.50,7.20,2.188,1.573,0.756,0.00,-2.12,1.355,1.061,0.769,21.95,4.89,1.896,1.300,0.798
batch_test_250,0.02,-2.13,1.314,1.043,0.509,4.15,0.32,1.296,1.093,0.592,0.01,-2.12,1.310,1.043,0.582,26.91,4.65,1.719,1.257,0.673
batch_test_251,0.00,-2.13,1.287,1.054,0.627,21.66,7.51,1.992,1.437,0.788,0.02,-2.10,1.221,1.036,0.721,26.28,7.43,1.784,1.269,0.823
batch_test_252,0.00,-2.14,1.308,1.040,0.566,16.14,7.16,2.051,1.492,0.712,0.01,-2.12,1.241,1.040,0.623,23.29,9.70,2.066,1.437,0.744
batch_test_253,-0.02,-2.15,1.277,1.027,0.655,33.89,6.15,1.678,1.155,0.698,-0.00,-2.13,1.156,1.021,0.747,21.78,4.17,1.536,1.068,0.759
batch_test_254,0.01,-2.12,1.303,1.041,0.610,6.54,2.55,1.711,1.187,0.696,-0.00,-2.14,1.202,1.025,0.780,4.65,1.98,1.736,1.089,0.813
batch_test_255,-0.03,-2.16,1.402,1.063,0.471,11.77,2.88,1.760,1.340,0.592,-0.03,-2.13,1.360,1.051,0.544,18.08,4.49,1.880,1.329,0.658
batch_test_256,0.01,-2.12,1.253,1.040,0.522,16.50,5.81,1.629,1.259,0.634,0.02,-2.12,1.208,1.030,0.620,28.78,7.81,1.736,1.219,0.728
batch_test_257,-0.03,-2.14,1.509,1.069,0.611,15.51,6.44,2.050,1.342,0.722,0.01,-2.13,1.301,1.046,0.720,27.56,8.09,1.808,1.207,0.788
batch_test_258,-0.02,-2.18,1.330,1.028,0.647,1.19,-1.33,2.066,1.120,0.761,0.06,-2.07,1.255,1.016,0.728,4.33,0.38,1.878,1.068,0.794
batch_test_259,0.02,-2.14,1.382,1.078,0.559,16.03,5.20,2.153,1.459,0.678,-0.03,-2.18,1.350,1.061,0.638,22.66,5.84,1.940,1.337,0.717
batch_test_260,-0.04,-2.18,1.381,1.024,0.542,1.89,-1.02,1.627,1.111,0.615,0.06,-2.10,1.230,1.021,0.692,-0.26,-2.14,1.595,1.087,0.747
batch_test_261,0.00,-2.12,1.457,1.081,0.560,14.40,4.69,1.791,1.380,0.691,0.01,-2.12,1.269,1.062,0.585,29.60,6.18,1.901,1.417,0.703
batch_test_262,0.00,-2.12,1.231,1.046,0.564,12.59,5.87,1.759,1.383,0.668,-0.01,-2.15,1.175,1.039,0.639,15.44,7.44,1.937,1.340,0.747
batch_test_263,-0.01,-2.13,1.416,1.038,0.440,5.71,1.85,1.786,1.129,0.527,0.00,-2.13,1.409,1.034,0.557,3.20,0.22,1.869,1.121,0.628
batch_test_264,0.05,-2.15,1.450,1.038,0.577,16.60,3.81,1.915,1.295,0.709,-0.03,-2.15,1.465,1.052,0.689,21.74,4.11,1.782,1.212,0.754
batch_test_265,-0.03,-2.17,1.463,1.057,0.653,5.28,0.59,1.700,1.232,0.787,0.00,-2.11,1.355,1.041,0.720,19.01,5.22,1.890,1.290,0.824
batch_test_266,-0.01,-2.13,1.200,1.032,0.548,15.27,5.31,1.643,1.244,0.663,0.02,-2.10,1.146,1.025,0.620,24.53,6.92,1.665,1.215,0.744
batch_test_267,-0.01,-2.14,1.402,1.086,0.354,15.78,5.58,1.618,1.201,0.464,-0.00,-2.14,1.366,1.085,0.409,18.92,6.08,1.656,1.162,0.488
batch_test_268,0.01,-2.12,1.480,1.063,0.680,-0.02,-0.79,2.208,1.475,0.793,0.01,-2.12,1.396,1.045,0.781,-1.53,-2.33,1.934,1.345,0.842
batch_test_269,0.00,-2.11,1.212,1.032,0.501,11.75,4.29,1.681,1.277,0.582,-0.02,-2.14,1.151,1.025,0.644,13.90,5.65,1.648,1.217,0.698
batch_test_270,-0.01,-2.13,1.237,1.036,0.561,14.70,6.16,1.741,1.260,0.693,0.02,-2.09,1.160,1.030,0.655,20.93,8.48,1.716,1.244,0.752
batch_test_271,0.01,-2.12,1.357,1.057,0.745,23.69,8.32,2.240,1.480,0.853,-0.00,-2.12,1.381,1.063,0.782,69.65,8.65,1.909,1.275,0.851
batch_test_272,0.02,-2.12,1.344,1.035,0.698,3.28,-0.58,1.747,1.095,0.718,0.04,-2.11,1.244,1.031,0.795,0.36,-2.97,1.716,1.078,0.768
batch_test_273,0.02,-2.11,1.480,1.148,0.615,23.22,4.90,2.107,1.347,0.710,-0.02,-2.14,1.426,1.118,0.636,23.60,4.52,2.177,1.273,0.736
batch_test_274,-0.02,-2.13,1.577,1.112,0.516,14.69,5.47,1.934,1.376,0.687,-0.04,-2.16,1.485,1.082,0.652,20.16,5.19,1.867,1.303,0.786
batch_test_275,0.01,-2.13,1.210,1.028,0.561,15.32,5.27,1.773,1.269,0.668,0.02,-2.09,1.132,1.022,0.684,22.83,6.19,1.554,1.162,0.765
batch_test_276,0.02,-2.13,1.327,1.044,0.475,17.35,4.36,1.550,1.130,0.631,0.02,-2.13,1.189,1.026,0.556,25.39,4.51,1.421,1.074,0.708
batch_test_277,-0.01,-2.19,1.323,1.037,0.475,7.11,1.97,1.576,1.136,0.534,0.05,-2.10,1.186,1.029,0.597,10.91,3.93,1.555,1.094,0.674
batch_test_278,0.00,-2.13,1.340,1.045,0.638,33.99,9.27,1.943,1.450,0.704,0.04,-2.10,1.243,1.036,0.724,34.25,8.66,1.928,1.236,0.784
batch_test_279,0.01,-2.13,1.352,1.040,0.511,12.82,4.39,1.833,1.311,0.689,-0.06,-2.20,1.224,1.031,0.623,16.93,5.40,1.763,1.235,0.780
batch_test_280,-0.00,-2.13,1.408,1.031,0.631,15.21,6.64,2.098,1.400,0.801,0.04,-2.10,1.357,1.044,0.732,20.91,7.43,2.047,1.210,0.842
batch_test_281,0.00,-2.10,1.342,1.027,0.618,15.33,6.43,1.898,1.339,0.787,0.03,-2.11,1.288,1.026,0.748,29.22,5.44,1.661,1.230,0.845
batch_test_282,0.04,-2.11,1.979,1.193,0.487,15.29,7.12,2.093,1.506,0.650,-0.01,-2.15,1.375,1.041,0.566,32.04,9.18,2.085,1.410,0.709
batch_test_283,-0.00,-2.11,1.361,1.028,0.613,3.72,0.62,1.877,1.106,0.651,0.01,-2.12,1.269,1.025,0.731,2.51,0.11,1.773,1.085,0.750
batch_test_284,0.01,-2.14,1.349,1.139,0.594,19.41,6.65,2.103,1.456,0.763,0.01,-2.13,1.237,1.098,0.717,24.54,7.30,1.859,1.238,0.823
batch_test_285,-0.01,-2.14,1.369,1.058,0.585,16.79,5.49,1.859,1.392,0.748,0.04,-2.11,1.300,1.038,0.685,26.09,5.48,1.680,1.238,0.787
batch_test_286,0.02,-2.12,1.541,1.025,0.522,15.26,6.67,1.614,1.260,0.653,0.01,-2.11,1.128,1.024,0.578,23.16,8.88,1.693,1.286,0.690
batch_test_287,0.02,-2.12,1.291,1.041,0.606,14.23,4.92,1.889,1.402,0.718,0.02,-2.12,1.209,1.030,0.653,23.45,5.95,1.609,1.197,0.740
batch_test_288,0.01,-2.11,1.246,1.022,0.499,12.76,3.60,1.581,1.138,0.602,0.01,-2.10,1.210,1.022,0.577,20.72,6.18,1.618,1.130,0.659
batch_test_289,-0.03,-2.15,1.225,1.025,0.524,17.29,7.07,1.921,1.389,0.694,-0.08,-2.21,1.177,1.022,0.669,25.12,7.70,1.812,1.247,0.785
batch_test_290,0.00,-2.13,1.428,1.112,0.500,19.94,6.08,1.963,1.377,0.602,-0.02,-2.14,1.253,1.053,0.587,28.81,5.80,1.936,1.287,0.677
batch_test_291,-0.02,-2.14,1.516,1.125,0.689,37.78,8.72,2.235,1.694,0.821,-0.03,-2.14,1.426,1.050,0.753,64.15,4.06,1.767,1.340,0.825
batch_test_292,0.01,-2.13,1.288,1.026,0.534,14.39,5.15,1.737,1.229,0.646,-0.06,-2.19,1.173,1.023,0.651,20.70,4.58,1.547,1.091,0.746
batch_test_293,-0.05,-2.15,1.468,1.127,0.598,18.08,6.20,2.146,1.516,0.715,-0.07,-2.20,1.348,1.084,0.710,22.96,4.48,1.857,1.295,0.743
batch_test_294,0.01,-2.12,1.395,1.031,0.624,7.79,3.12,2.016,1.170,0.721,0.01,-2.14,1.251,1.023,0.699,4.72,0.21,1.614,1.096,0.735
batch_test_295,-0.04,-2.17,1.353,1.036,0.606,1.84,0.74,1.694,1.088,0.688,-0.03,-2.15,1.269,1.023,0.669,14.07,4.59,1.885,1.221,0.728
batch_test_296,-0.02,-2.17,1.419,1.096,0.647,18.68,7.15,2.136,1.454,0.747,-0.04,-2.15,1.299,1.076,0.696,24.07,6.98,1.880,1.234,0.757
batch_test_297,0.02,-2.14,1.332,1.040,0.564,5.60,1.47,1.726,1.142,0.677,-0.02,-2.16,1.234,1.029,0.673,6.13,1.42,1.572,1.079,0.720
batch_test_298,-0.02,-2.14,1.555,1.043,0.600,6.43,1.44,1.924,1.148,0.711,0.02,-2.12,1.385,1.027,0.734,6.30,1.62,1.828,1.118,0.773
batch_test_299,0.01,-2.14,1.342,1.034,0.564,6.77,2.16,1.681,1.098,0.671,-0.02,-2.15,1.299,1.029,0.634,15.17,5.72,2.027,1.192,0.761
batch_test_300,-0.00,-2.13,1.398,1.042,0.617,13.40,4.66,2.046,1.231,0.755,-0.04,-2.17,1.353,1.031,0.699,15.97,4.50,2.022,1.203,0.834
batch_test_301,-0.00,-2.16,1.296,1.053,0.658,13.93,4.07,1.718,1.186,0.771,-0.02,-2.15,1.204,1.039,0.753,21.40,6.15,1.817,1.198,0.835
batch_test_302,-0.03,-2.17,1.235,1.050,0.523,12.52,3.36,1.336,1.096,0.565,0.02,-2.11,1.150,1.041,0.577,31.61,5.08,1.482,1.041,0.634
batch_test_303,0.00,-2.13,1.316,1.038,0.536,16.57,5.59,1.773,1.321,0.635,-0.01,-2.14,1.209,1.023,0.655,26.30,5.28,1.523,1.204,0.727
batch_test_304,-0.01,-2.14,1.309,1.041,0.533,11.86,2.52,1.797,1.254,0.582,0.02,-2.12,1.252,1.034,0.606,21.94,3.93,1.797,1.187,0.639
batch_test_305,-0.00,-2.16,1.296,1.037,0.555,12.16,3.82,1.764,1.276,0.646,0.01,-2.13,1.213,1.028,0.648,17.26,4.82,1.654,1.178,0.708
batch_test_306,-0.02,-2.14,1.391,1.039,0.674,5.26,1.72,2.026,1.213,0.771,-0.01,-2.15,1.268,1.032,0.815,6.12,2.95,1.858,1.167,0.858
batch_test_307,0.02,-2.09,1.586,1.090,0.645,13.67,4.38,2.092,1.517,0.740,0.00,-2.12,1.444,1.062,0.739,21.86,4.56,1.858,1.347,0.802
batch_test_308,-0.01,-2.13,1.345,1.025,0.566,11.97,3.87,1.830,1.088,0.676,-0.00,-2.13,1.208,1.022,0.625,19.66,6.04,1.680,1.127,0.720
batch_test_309,0.02,-2.10,1.316,1.039,0.573,11.98,4.08,1.652,1.212,0.683,0.04,-2.10,1.243,1.035,0.704,16.31,4.82,1.628,1.158,0.751
batch_test_310,-0.00,-2.11,1.304,1.036,0.602,10.83,3.66,1.709,1.236,0.675,0.04,-2.09,1.205,1.036,0.711,7.68,1.56,1.607,1.132,0.743
batch_test_311,0.00,-2.12,1.267,1.054,0.574,16.25,4.57,1.580,1.150,0.608,-0.05,-2.17,1.235,1.042,0.693,25.59,6.11,1.480,1.082,0.728
batch_test_312,0.02,-2.12,1.331,1.057,0.520,15.80,6.13,2.175,1.456,0.660,0.00,-2.12,1.206,1.043,0.546,27.45,4.96,1.841,1.297,0.685
batch_test_313,-0.01,-2.14,1.547,1.118,0.542,14.38,4.14,1.669,1.273,0.571,0.00,-2.13,1.476,1.092,0.616,28.09,5.68,1.902,1.328,0.686
batch_test_314,0.02,-2.10,1.342,1.066,0.558,15.72,6.26,2.001,1.483,0.731,-0.02,-2.12,1.303,1.046,0.610,22.81,7.87,2.074,1.443,0.777
batch_test_315,0.02,-2.11,1.206,1.037,0.584,15.98,5.17,1.575,1.181,0.715,-0.01,-2.13,1.129,1.030,0.664,23.02,6.92,1.514,1.099,0.786
batch_test_316,-0.03,-2.12,1.889,1.133,0.681,17.17,5.37,2.408,1.607,0.785,-0.03,-2.14,1.786,1.112,0.641,23.73,7.71,2.470,1.583,0.695
batch_test_317,0.01,-2.12,1.216,1.027,0.493,8.84,3.29,1.657,1.186,0.563,-0.02,-2.15,1.151,1.020,0.595,10.43,3.70,1.742,1.144,0.664
batch_test_318,0.04,-2.11,1.231,1.023,0.593,9.04,2.77,1.643,1.186,0.645,-0.01,-2.13,1.157,1.022,0.716,9.08,3.02,1.554,1.094,0.703
batch_test_319,0.03,-2.09,1.477,1.056,0.626,14.82,5.01,1.930,1.421,0.717,0.01,-2.13,1.370,1.040,0.745,14.35,3.99,1.840,1.234,0.803
batch_test_320,0.02,-2.11,1.472,1.096,0.646,25.38,7.13,1.841,1.289,0.745,-0.05,-2.16,1.291,1.052,0.753,33.50,6.60,1.970,1.236,0.819
batch_test_321,0.02,-2.12,1.381,1.045,0.595,4.37,0.60,1.724,1.169,0.691,-0.01,-2.12,1.280,1.036,0.694,10.22,3.74,1.836,1.221,0.795
batch_test_322,-0.01,-2.14,1.381,1.048,0.452,0.24,-2.16,1.782,1.160,0.508,-0.01,-2.15,1.309,1.035,0.566,1.05,-1.69,1.753,1.137,0.577
batch_test_323,0.07,-2.08,1.744,1.106,0.546,14.42,4.65,2.138,1.313,0.623,-0.03,-2.13,1.584,1.071,0.492,19.35,5.73,2.152,1.243,0.525
batch_test_324,0.04,-2.09,1.326,1.078,0.499,14.46,6.02,1.843,1.357,0.676,0.00,-2.14,1.336,1.057,0.571,24.31,7.57,1.902,1.374,0.741
batch_test_325,0.04,-2.09,1.349,1.040,0.486,9.23,3.09,1.868,1.254,0.631,-0.00,-2.12,1.328,1.031,0.548,8.22,2.81,2.034,1.233,0.660
batch_test_326,0.02,-2.11,1.488,1.059,0.560,15.77,4.27,1.764,1.298,0.659,0.00,-2.11,1.462,1.043,0.580,19.42,4.71,1.765,1.220,0.648
batch_test_327,-0.03,-2.16,1.286,1.040,0.580,13.88,3.90,1.760,1.284,0.666,-0.05,-2.18,1.211,1.028,0.681,20.26,4.48,1.602,1.141,0.722
batch_test_328,-0.02,-2.14,1.467,1.058,0.606,15.78,6.22,2.274,1.559,0.784,0.07,-2.10,1.350,1.043,0.607,24.96,6.76,2.153,1.397,0.741
batch_test_329,-0.07,-2.17,1.228,1.042,0.554,12.77,3.15,1.610,1.159,0.705,0.08,-2.04,1.143,1.027,0.692,20.85,4.83,1.553,1.112,0.800
batch_test_330,0.02,-2.10,1.338,1.056,0.625,14.52,3.30,1.842,1.276,0.701,0.05,-2.10,1.231,1.031,0.682,22.26,4.02,1.614,1.150,0.748
batch_test_331,0.01,-2.12,1.378,1.066,0.541,17.95,6.99,1.857,1.409,0.678,-0.01,-2.15,1.294,1.046,0.622,26.34,8.21,1.833,1.341,0.761
batch_test_332,0.01,-2.13,1.272,1.054,0.545,12.97,3.16,1.676,1.243,0.677,0.00,-2.14,1.314,1.036,0.602,21.02,4.88,1.666,1.214,0.737
batch_test_333,0.03,-2.11,1.293,1.034,0.569,14.44,5.35,1.820,1.348,0.674,-0.05,-2.18,1.241,1.030,0.681,24.10,4.38,1.616,1.202,0.732
batch_test_334,0.05,-2.08,1.336,1.047,0.517,16.71,5.83,1.746,1.292,0.608,0.00,-2.13,1.297,1.038,0.640,22.39,6.90,1.837,1.282,0.729
batch_test_335,0.02,-2.12,1.353,1.051,0.565,15.36,5.59,1.851,1.261,0.694,-0.03,-2.14,1.222,1.037,0.674,24.38,6.44,1.678,1.166,0.757
batch_test_336,0.04,-2.06,1.316,1.042,0.567,10.16,3.34,1.774,1.359,0.664,-0.01,-2.16,1.284,1.038,0.635,26.90,6.18,1.966,1.392,0.726
batch_test_337,-0.01,-2.12,1.409,1.043,0.651,13.17,4.79,1.610,1.107,0.701,-0.01,-2.14,1.301,1.022,0.748,6.59,1.27,1.588,1.058,0.793
batch_test_338,0.05,-2.07,1.551,1.115,0.730,16.72,5.39,1.867,1.388,0.831,0.05,-2.07,1.241,1.062,0.818,23.06,6.34,1.820,1.297,0.885
batch_test_339,0.00,-2.14,1.222,1.049,0.535,18.42,8.10,1.945,1.405,0.688,0.08,-2.08,1.239,1.030,0.671,27.02,9.12,2.025,1.272,0.781
batch_test_340,0.04,-2.07,1.439,1.091,0.583,12.60,3.51,2.053,1.390,0.671,0.05,-2.10,1.320,1.051,0.509,21.74,5.22,1.879,1.244,0.571
batch_test_341,-0.00,-2.12,1.378,1.039,0.585,7.57,2.44,1.761,1.219,0.667,-0.03,-2.17,1.307,1.029,0.672,10.45,3.12,1.668,1.163,0.726
batch_test_342,0.06,-2.09,1.175,1.027,0.561,15.57,5.44,1.677,1.270,0.680,-0.02,-2.15,1.167,1.023,0.655,20.59,5.50,1.575,1.181,0.752
batch_test_343,-0.02,-2.14,1.319,1.030,0.573,12.56,2.59,1.634,1.131,0.632,0.03,-2.09,1.208,1.025,0.683,18.74,4.57,1.616,1.134,0.753
batch_test_344,0.01,-2.11,1.268,1.040,0.583,11.79,4.53,1.903,1.419,0.741,-0.00,-2.13,1.200,1.033,0.655,28.29,7.35,2.020,1.450,0.790
batch_test_345,0.01,-2.09,1.196,1.065,0.468,13.34,5.70,1.761,1.326,0.625,0.01,-2.09,1.150,1.040,0.572,19.26,8.06,1.716,1.244,0.718
batch_test_346,-0.02,-2.14,1.254,1.031,0.527,8.11,3.12,1.707,1.093,0.632,-0.02,-2.12,1.173,1.025,0.679,7.07,2.68,1.688,1.085,0.745
batch_test_347,-0.02,-2.14,1.347,1.068,0.568,13.68,5.47,1.980,1.455,0.730,-0.02,-2.14,1.302,1.042,0.655,26.20,6.53,1.812,1.291,0.786
batch_test_348,-0.00,-2.12,1.499,1.070,0.467,9.74,2.91,1.661,1.150,0.553,0.00,-2.14,1.447,1.060,0.596,16.95,4.71,1.889,1.173,0.658
batch_test_349,-0.02,-2.16,1.666,1.099,0.477,14.03,5.56,2.099,1.459,0.571,-0.03,-2.16,1.567,1.075,0.616,22.52,6.36,2.199,1.341,0.709
batch_test_350,0.02,-2.09,1.364,1.023,0.517,-0.09,-1.35,2.089,1.077,0.606,-0.02,-2.15,1.243,1.016,0.596,2.61,-0.24,1.904,1.047,0.648
batch_test_351,-0.05,-2.15,1.350,1.031,0.572,18.58,4.96,1.839,1.273,0.687,0.01,-2.11,1.268,1.024,0.686,22.35,3.80,1.656,1.108,0.734
batch_test_352,0.03,-2.09,1.332,1.043,0.472,15.09,6.52,1.537,1.161,0.569,0.03,-2.09,1.210,1.050,0.583,23.47,9.41,1.662,1.128,0.703
batch_test_353,-0.02,-2.13,1.543,1.050,0.543,4.59,0.80,1.930,1.169,0.670,-0.05,-2.20,1.515,1.041,0.637,1.39,-0.95,2.021,1.135,0.714
batch_test_354,-0.02,-2.15,1.235,1.027,0.519,9.03,3.56,1.582,1.124,0.642,0.06,-2.08,1.196,1.022,0.635,4.57,1.55,1.652,1.099,0.736
batch_test_355,-0.03,-2.16,1.452,1.122,0.675,11.93,4.92,2.186,1.602,0.804,0.04,-2.13,1.300,1.081,0.734,22.47,6.53,1.821,1.383,0.832
batch_test_356,0.01,-2.12,1.367,1.061,0.550,15.88,4.84,1.732,1.220,0.653,0.01,-2.14,1.251,1.039,0.656,9.97,-0.15,1.449,1.086,0.739
batch_test_357,0.02,-2.15,1.451,1.127,0.545,11.14,3.98,2.107,1.502,0.670,-0.01,-2.16,1.348,1.075,0.673,20.06,6.20,1.958,1.472,0.782
batch_test_358,0.02,-2.11,1.325,1.042,0.586,8.81,2.67,1.842,1.191,0.650,0.03,-2.12,1.224,1.035,0.661,11.46,4.03,1.683,1.148,0.692
batch_test_359,0.00,-2.13,1.334,1.038,0.609,10.81,3.18,1.802,1.241,0.655,0.00,-2.09,1.241,1.029,0.691,16.38,3.81,1.624,1.142,0.685
batch_test_360,-0.06,-2.19,1.427,1.063,0.667,14.41,4.14,1.862,1.239,0.729,-0.01,-2.12,1.365,1.048,0.784,20.05,4.35,1.759,1.155,0.800
batch_test_361,-0.00,-2.13,1.247,1.041,0.573,15.88,4.25,1.549,1.175,0.660,-0.00,-2.13,1.135,1.028,0.678,28.20,5.81,1.447,1.112,0.750
batch_test_362,0.00,-2.13,1.497,1.054,0.594,12.83,3.99,1.956,1.222,0.691,0.02,-2.16,1.444,1.049,0.719,22.95,5.56,1.996,1.288,0.786
batch_test_363,0.04,-2.11,1.311,1.058,0.539,18.31,8.36,1.842,1.360,0.721,-0.01,-2.13,1.170,1.046,0.617,25.83,9.81,1.757,1.185,0.783
batch_test_364,0.01,-2.13,1.404,1.104,0.567,19.35,7.56,1.698,1.226,0.609,0.01,-2.11,1.424,1.086,0.604,24.90,6.68,1.819,1.247,0.692
batch_test_365,0.01,-2.13,1.389,1.059,0.633,15.08,4.46,1.905,1.307,0.718,-0.01,-2.17,1.258,1.040,0.727,13.28,3.52,1.570,1.099,0.763
batch_test_366,0.04,-2.11,1.426,1.084,0.409,16.94,6.40,1.798,1.297,0.568,-0.02,-2.16,1.393,1.057,0.473,24.42,8.08,1.998,1.289,0.644
batch_test_367,0.04,-2.10,1.363,1.024,0.512,12.35,3.71,1.515,1.043,0.573,-0.03,-2.16,1.326,1.021,0.631,5.35,0.03,1.528,1.030,0.708
batch_test_368,-0.02,-2.14,1.193,1.180,0.507,16.29,7.10,1.606,1.268,0.645,0.01,-2.15,1.203,1.035,0.600,28.54,9.09,1.644,1.207,0.739
batch_test_369,-0.02,-2.13,1.385,1.112,0.583,17.37,5.74,1.650,1.158,0.719,0.03,-2.12,1.420,1.169,0.678,25.41,6.61,1.462,1.078,0.772
batch_test_370,0.00,-2.12,1.453,1.037,0.563,3.14,-0.87,1.805,1.094,0.661,0.01,-2.10,1.413,1.021,0.631,2.16,-1.14,1.869,1.064,0.682
batch_test_371,-0.01,-2.14,1.489,1.095,0.562,17.59,6.34,1.829,1.241,0.667,-0.00,-2.14,1.304,1.056,0.636,16.80,5.34,1.817,1.211,0.708
batch_test_372,0.05,-2.09,1.345,1.052,0.524,14.42,5.12,1.653,1.215,0.603,0.01,-2.12,1.244,1.035,0.549,12.29,3.62,1.763,1.163,0.639
batch_test_373,-0.00,-2.13,1.208,1.068,0.453,10.55,2.38,1.402,1.142,0.477,0.02,-2.11,1.181,1.038,0.592,15.85,4.20,1.418,1.113,0.637
batch_test_374,-0.01,-2.17,1.178,1.043,0.457,13.77,3.12,1.488,1.157,0.513,-0.00,-2.11,1.235,1.032,0.562,19.67,4.22,1.625,1.128,0.647
batch_test_375,0.03,-2.12,1.863,1.161,0.687,11.78,4.48,2.269,1.517,0.820,0.05,-2.07,1.779,1.130,0.711,18.62,6.80,2.408,1.542,0.833
batch_test_376,-0.02,-2.12,1.465,1.058,0.492,8.63,3.41,2.010,1.092,0.614,-0.04,-2.14,1.422,1.041,0.530,13.21,6.10,2.242,1.101,0.697
batch_test_377,0.01,-2.12,1.390,1.041,0.636,5.02,2.03,2.171,1.131,0.716,-0.01,-2.14,1.350,1.035,0.736,1.71,-1.08,2.018,1.117,0.763
batch_test_378,0.03,-2.09,1.287,1.058,0.678,8.25,3.06,2.053,1.357,0.756,-0.01,-2.15,1.239,1.039,0.764,6.28,1.62,1.823,1.159,0.792
batch_test_379,0.01,-2.12,1.305,1.079,0.529,9.47,3.55,1.669,1.239,0.597,0.00,-2.13,1.169,1.029,0.628,11.94,4.67,1.571,1.168,0.675
batch_test_380,0.02,-2.12,1.367,1.048,0.643,16.33,5.21,1.972,1.308,0.766,-0.02,-2.15,1.287,1.033,0.734,34.70,6.39,1.846,1.251,0.815
batch_test_381,0.03,-2.09,1.323,1.029,0.656,6.06,1.90,1.931,1.117,0.735,-0.01,-2.15,1.232,1.016,0.675,3.67,0.06,1.851,1.081,0.705
batch_test_382,-0.01,-2.13,1.521,1.062,0.548,12.97,5.07,2.107,1.414,0.750,0.02,-2.11,1.441,1.045,0.633,24.88,6.78,2.098,1.442,0.831
batch_test_383,-0.01,-2.14,1.325,1.043,0.506,12.77,4.56,1.583,1.197,0.610,-0.01,-2.13,1.223,1.036,0.626,12.93,3.50,1.598,1.137,0.683
batch_test_384,0.01,-2.11,1.698,1.104,0.477,5.51,1.56,1.793,1.252,0.548,-0.01,-2.13,1.533,1.073,0.563,15.06,6.27,2.041,1.246,0.688
batch_test_385,0.07,-2.06,1.524,1.038,0.501,14.08,5.70,1.777,1.286,0.592,0.01,-2.11,1.292,1.033,0.609,21.01,6.63,1.819,1.208,0.703
batch_test_386,0.03,-2.11,1.297,1.056,0.597,14.45,6.87,1.813,1.295,0.757,-0.01,-2.15,1.212,1.047,0.692,22.22,7.41,1.740,1.182,0.814
batch_test_387,0.05,-2.11,1.325,1.051,0.577,16.60,5.43,1.769,1.273,0.718,-0.03,-2.16,1.323,1.050,0.646,24.16,5.77,1.790,1.243,0.760
batch_test_388,0.03,-2.14,1.456,1.091,0.614,16.33,5.01,2.068,1.518,0.739,0.02,-2.11,1.403,1.071,0.625,12.23,4.91,1.992,1.448,0.713
batch_test_389,-0.00,-2.12,1.346,1.073,0.700,10.18,2.37,1.768,1.268,0.776,-0.00,-2.11,1.253,1.040,0.791,21.25,4.30,1.633,1.198,0.833
batch_test_390,-0.02,-2.16,1.352,1.062,0.535,16.71,4.51,1.706,1.297,0.601,-0.02,-2.14,1.319,1.047,0.618,22.82,5.09,1.696,1.244,0.688
batch_test_391,0.01,-2.12,1.388,1.046,0.582,14.38,5.21,1.780,1.220,0.736,0.01,-2.12,1.334,1.032,0.685,19.57,5.48,1.792,1.157,0.813
batch_test_392,-0.02,-2.14,1.522,1.088,0.618,12.23,3.53,1.728,1.218,0.695,-0.01,-2.11,1.465,1.056,0.730,20.79,3.89,1.630,1.210,0.764
batch_test_393,0.02,-2.10,1.703,1.141,0.572,13.50,3.98,2.253,1.496,0.697,0.04,-2.11,1.524,1.095,0.639,19.73,4.85,2.073,1.260,0.756
batch_test_394,0.01,-2.11,1.357,1.073,0.518,11.03,4.94,2.029,1.449,0.657,0.01,-2.11,1.295,1.061,0.634,26.96,8.09,2.162,1.553,0.768
batch_test_395,-0.00,-2.13,1.353,1.049,0.533,15.95,5.52,1.817,1.337,0.648,0.03,-2.09,1.348,1.037,0.624,27.00,6.84,1.822,1.266,0.708
batch_test_396,0.04,-2.08,1.249,1.044,0.561,17.26,6.76,1.915,1.433,0.721,-0.06,-2.17,1.182,1.028,0.633,28.43,5.42,1.799,1.327,0.768
batch_test_397,-0.04,-2.17,1.229,1.059,0.491,19.92,7.34,1.865,1.434,0.672,0.05,-2.10,1.207,1.039,0.630,28.39,8.33,1.909,1.401,0.753
batch_test_398,-0.02,-2.16,1.459,1.040,0.455,13.81,4.57,1.950,1.318,0.593,0.02,-2.11,1.389,1.033,0.550,20.77,5.67,1.946,1.265,0.663
batch_test_399,-0.01,-2.13,1.241,1.026,0.546,13.93,5.78,1.739,1.342,0.685,0.03,-2.11,1.162,1.024,0.697,29.90,7.63,1.599,1.242,0.791
batch_test_400,-0.00,-2.11,1.355,1.054,0.604,15.29,3.92,1.759,1.230,0.713,0.00,-2.14,1.278,1.033,0.714,23.34,6.11,1.769,1.221,0.804
batch_test_401,0.00,-2.11,1.499,1.065,0.587,12.07,3.23,1.819,1.261,0.640,-0.00,-2.12,1.380,1.048,0.663,21.10,3.52,1.763,1.201,0.681
batch_test_402,-0.04,-2.14,1.406,1.053,0.573,15.86,5.50,2.108,1.369,0.708,-0.02,-2.13,1.287,1.041,0.691,22.36,6.39,2.022,1.398,0.783
batch_test_403,-0.00,-2.11,1.316,1.051,0.556,12.52,4.88,1.805,1.336,0.666,-0.01,-2.16,1.256,1.040,0.653,24.22,7.20,1.947,1.352,0.770
batch_test_404,0.02,-2.10,1.392,1.073,0.652,13.66,4.89,1.937,1.430,0.748,0.00,-2.13,1.314,1.043,0.737,34.28,6.23,1.810,1.349,0.792
batch_test_405,-0.01,-2.14,1.506,1.090,0.497,14.33,5.56,1.822,1.287,0.586,-0.05,-2.19,1.391,1.066,0.586,23.11,6.12,1.829,1.298,0.687
batch_test_406,-0.03,-2.15,1.243,1.045,0.519,16.88,4.68,1.458,1.092,0.660,0.01,-2.10,1.154,1.024,0.625,26.37,6.88,1.296,1.055,0.718
batch_test_407,0.00,-2.13,1.319,1.032,0.546,2.66,-0.67,1.610,1.062,0.608,0.02,-2.11,1.255,1.028,0.692,4.62,0.05,1.794,1.070,0.725
batch_test_408,-0.01,-2.14,1.315,1.066,0.579,26.48,7.82,1.758,1.348,0.717,-0.03,-2.14,1.192,1.042,0.592,30.97,8.45,1.784,1.309,0.724
batch_test_409,0.01,-2.15,1.213,1.033,0.558,13.95,4.72,1.702,1.336,0.688,-0.03,-2.15,1.149,1.028,0.692,20.90,4.62,1.496,1.219,0.764
batch_test_410,0.03,-2.16,1.129,1.020,0.529,6.23,1.44,1.433,1.049,0.598,-0.06,-2.19,1.080,1.019,0.661,12.92,7.72,1.564,1.064,0.738
batch_test_411,-0.04,-2.18,1.400,1.103,0.533,15.50,3.81,1.820,1.280,0.641,-0.01,-2.13,1.321,1.069,0.594,26.19,5.31,1.766,1.223,0.671
batch_test_412,0.03,-2.09,1.377,1.064,0.582,14.70,3.82,1.598,1.205,0.729,-0.03,-2.19,1.266,1.039,0.690,22.15,4.29,1.599,1.176,0.780
batch_test_413,0.00,-2.12,1.143,1.026,0.568,6.75,2.97,1.553,1.169,0.646,0.02,-2.10,1.083,1.024,0.677,13.76,7.43,1.625,1.228,0.762
batch_test_414,0.01,-2.12,1.463,1.066,0.690,3.43,0.67,2.183,1.443,0.734,0.04,-2.10,1.408,1.046,0.773,4.16,1.47,1.991,1.311,0.760
batch_test_415,-0.04,-2.17,1.389,1.068,0.538,12.15,5.02,1.763,1.227,0.632,0.03,-2.11,1.261,1.038,0.609,21.00,5.81,1.694,1.189,0.697
batch_test_416,0.03,-2.11,1.369,1.066,0.561,17.44,7.79,2.143,1.524,0.715,-0.03,-2.16,1.312,1.059,0.674,25.25,9.66,2.259,1.453,0.782
batch_test_417,-0.00,-2.14,1.427,1.060,0.578,12.88,4.43,1.849,1.243,0.714,0.03,-2.12,1.351,1.021,0.712,15.82,3.69,1.655,1.082,0.779
batch_test_418,0.03,-2.10,1.319,1.055,0.554,10.95,3.04,1.688,1.234,0.664,0.03,-2.12,1.292,1.041,0.667,13.87,3.08,1.635,1.189,0.728
batch_test_419,0.00,-2.09,1.277,1.048,0.500,14.00,7.42,2.181,1.457,0.673,0.04,-2.10,1.232,1.042,0.517,19.85,7.19,1.961,1.187,0.641
batch_test_420,-0.07,-2.17,1.370,1.045,0.512,22.52,8.46,1.569,1.284,0.581,-0.04,-2.16,1.418,1.042,0.573,32.80,10.71,2.106,1.476,0.723
batch_test_421,0.02,-2.10,1.354,1.043,0.680,4.53,1.36,1.901,1.215,0.734,0.03,-2.11,1.239,1.036,0.782,1.40,-1.29,1.824,1.119,0.783
batch_test_422,0.01,-2.14,1.218,1.022,0.579,17.48,8.45,1.557,1.192,0.694,0.01,-2.12,1.164,1.023,0.690,26.57,10.17,1.702,1.180,0.782
batch_test_423,-0.00,-2.15,1.531,1.094,0.614,17.22,4.90,1.785,1.213,0.665,-0.02,-2.17,1.305,1.035,0.692,17.67,4.13,1.647,1.103,0.722
batch_test_424,-0.03,-2.14,1.358,1.039,0.546,13.04,3.88,1.611,1.207,0.622,-0.03,-2.13,1.229,1.027,0.682,18.21,4.94,1.723,1.175,0.733
batch_test_425,0.02,-2.15,1.401,1.045,0.545,12.20,4.07,1.840,1.334,0.678,0.00,-2.10,1.352,1.038,0.654,24.92,7.09,2.004,1.340,0.771
batch_test_426,-0.01,-2.14,1.276,1.034,0.574,3.90,0.07,1.745,1.109,0.603,0.02,-2.12,1.237,1.030,0.683,2.67,-0.08,1.779,1.087,0.710
batch_test_427,0.08,-2.06,1.672,1.097,0.440,15.16,4.63,2.010,1.353,0.607,0.01,-2.12,1.635,1.089,0.515,22.01,5.51,2.058,1.264,0.656
batch_test_428,0.03,-2.10,1.356,1.077,0.567,15.18,5.39,1.700,1.272,0.703,0.00,-2.11,1.246,1.044,0.703,22.20,6.09,1.749,1.170,0.787
batch_test_429,-0.01,-2.15,1.528,1.120,0.585,11.79,4.70,2.223,1.607,0.685,0.01,-2.10,1.412,1.083,0.682,21.72,8.95,2.154,1.645,0.774
batch_test_430,-0.01,-2.15,1.584,1.076,0.627,14.12,5.62,2.244,1.482,0.799,-0.02,-2.13,1.501,1.059,0.721,19.65,6.58,2.065,1.415,0.843
batch_test_431,-0.00,-2.13,1.325,1.033,0.540,16.03,5.70,1.792,1.247,0.718,-0.01,-2.07,1.269,1.027,0.702,17.38,5.19,1.723,1.100,0.771
batch_test_432,0.01,-2.12,1.417,1.077,0.564,25.41,7.43,2.074,1.545,0.690,0.00,-2.11,1.391,1.062,0.604,37.76,5.84,2.091,1.458,0.703
batch_test_433,-0.01,-2.14,1.239,1.042,0.545,18.48,6.80,1.611,1.349,0.713,-0.02,-2.15,1.182,1.028,0.641,33.69,7.23,1.587,1.207,0.766
batch_test_434,0.04,-2.09,1.311,1.054,0.561,5.82,0.81,1.512,1.049,0.589,-0.02,-2.13,1.230,1.028,0.706,4.33,-0.43,1.474,1.041,0.680
batch_test_435,0.07,-2.09,1.445,1.065,0.588,11.97,4.38,1.950,1.380,0.707,0.07,-2.08,1.353,1.054,0.699,21.39,5.71,1.854,1.289,0.809
batch_test_436,0.01,-2.14,1.402,1.091,0.606,16.42,5.13,1.814,1.276,0.704,0.01,-2.14,1.279,1.031,0.717,23.86,5.22,1.626,1.128,0.756
batch_test_437,-0.02,-2.14,1.552,1.069,0.547,13.59,5.49,1.977,1.474,0.700,-0.02,-2.14,1.558,1.061,0.602,24.22,6.56,1.976,1.431,0.712
batch_test_438,0.01,-2.12,1.504,1.360,0.405,17.95,7.80,1.912,1.416,0.559,0.05,-2.09,1.345,1.228,0.451,24.30,8.59,2.053,1.295,0.580
batch_test_439,-0.01,-2.10,1.450,1.046,0.592,14.92,4.52,1.853,1.374,0.744,-0.00,-2.11,1.309,1.034,0.709,19.34,3.45,1.683,1.282,0.806
batch_test_440,0.05,-2.09,1.322,1.064,0.467,19.69,6.24,1.720,1.327,0.574,0.03,-2.10,1.226,1.040,0.660,24.32,6.23,1.668,1.231,0.704
batch_test_441,-0.04,-2.15,1.335,1.050,0.589,14.03,4.14,1.685,1.248,0.715,0.04,-2.11,1.266,1.038,0.711,19.82,4.83,1.613,1.126,0.801
batch_test_442,-0.02,-2.15,1.414,1.088,0.545,17.74,7.22,1.878,1.477,0.675,0.02,-2.11,1.285,1.090,0.608,37.83,8.27,1.961,1.484,0.731
batch_test_443,-0.01,-2.12,1.403,1.034,0.545,18.00,4.67,1.696,1.275,0.647,-0.01,-2.15,1.319,1.029,0.623,29.38,6.87,1.756,1.197,0.668
batch_test_444,0.00,-2.12,1.347,1.038,0.460,15.38,6.43,1.750,1.302,0.567,-0.01,-2.13,1.300,1.040,0.589,24.40,8.38,1.761,1.286,0.694
batch_test_445,0.02,-2.08,1.347,1.077,0.634,16.61,5.44,1.787,1.347,0.755,-0.00,-2.11,1.236,1.042,0.743,23.34,5.29,1.639,1.254,0.796
batch_test_446,-0.00,-2.13,1.408,1.073,0.507,15.69,5.16,1.916,1.373,0.692,0.06,-2.06,1.323,1.049,0.594,24.40,6.22,1.934,1.273,0.738
batch_test_447,-0.02,-2.13,1.432,1.049,0.608,10.18,4.88,2.070,1.306,0.732,0.03,-2.12,1.359,1.038,0.726,8.77,3.95,2.090,1.246,0.791
batch_test_448,0.04,-2.08,1.358,1.081,0.501,14.98,4.70,1.861,1.382,0.644,0.01,-2.10,1.270,1.063,0.607,25.07,6.52,2.049,1.437,0.733
batch_test_449,-0.01,-2.12,1.258,1.042,0.568,13.04,4.87,1.647,1.191,0.697,-0.01,-2.15,1.236,1.034,0.662,20.29,6.28,1.554,1.151,0.757
batch_test_450,0.01,-2.12,1.354,1.043,0.534,13.47,4.97,1.988,1.445,0.655,0.01,-2.15,1.259,1.027,0.642,22.90,6.00,1.832,1.309,0.768
batch_test_451,-0.02,-2.18,1.338,1.051,0.581,17.45,7.19,2.070,1.564,0.758,0.01,-2.14,1.317,1.038,0.601,24.40,8.33,2.189,1.425,0.744
batch_test_452,0.08,-2.05,1.377,1.054,0.663,14.10,4.39,1.936,1.336,0.747,-0.02,-2.16,1.267,1.041,0.749,20.19,5.35,1.627,1.159,0.803
batch_test_453,-0.02,-2.14,1.394,1.053,0.511,2.09,-0.06,1.669,1.199,0.580,0.03,-2.10,1.377,1.043,0.628,5.00,1.55,1.961,1.262,0.682
batch_test_454,-0.01,-2.15,1.394,1.076,0.473,15.46,5.32,1.862,1.382,0.565,0.03,-2.12,1.320,1.052,0.577,19.89,4.62,1.756,1.269,0.638
batch_test_455,-0.02,-2.13,1.517,1.107,0.684,20.63,5.31,2.007,1.426,0.750,-0.01,-2.13,1.362,1.064,0.766,47.60,5.37,1.759,1.250,0.789
batch_test_456,-0.03,-2.17,1.290,1.065,0.509,13.29,4.99,1.662,1.242,0.603,-0.01,-2.11,1.256,1.048,0.563,22.45,6.54,1.775,1.243,0.675
batch_test_457,0.05,-2.09,1.294,1.056,0.585,16.16,7.07,1.846,1.352,0.706,-0.01,-2.13,1.233,1.041,0.691,11.02,3.99,1.865,1.323,0.780
batch_test_458,-0.02,-2.16,1.376,1.070,0.491,16.21,5.81,1.847,1.414,0.596,-0.01,-2.16,1.262,1.046,0.621,24.60,1.14,1.523,1.213,0.722
batch_test_459,-0.01,-2.13,1.432,1.077,0.493,17.23,7.41,1.970,1.406,0.654,0.02,-2.12,1.279,1.051,0.655,23.56,5.82,1.788,1.223,0.767
batch_test_460,-0.02,-2.14,1.406,1.074,0.574,15.09,3.57,1.779,1.247,0.697,0.01,-2.13,1.336,1.051,0.650,20.51,4.27,1.795,1.213,0.726
batch_test_461,0.03,-2.11,1.390,1.056,0.622,18.96,6.94,2.089,1.361,0.775,0.00,-2.11,1.309,1.040,0.702,28.47,8.42,2.020,1.255,0.813
batch_test_462,0.01,-2.12,1.413,1.044,0.564,9.86,4.36,1.928,1.219,0.715,-0.03,-2.16,1.317,1.034,0.692,13.68,5.90,1.938,1.248,0.828
batch_test_463,0.00,-2.09,1.302,1.030,0.582,16.02,6.34,1.903,1.281,0.745,0.07,-2.06,1.267,1.028,0.691,22.41,6.71,1.856,1.210,0.812
batch_test_464,-0.03,-2.14,1.485,1.083,0.517,18.14,7.79,2.118,1.554,0.646,-0.01,-2.14,1.347,1.079,0.660,32.35,9.61,2.301,1.384,0.769
batch_test_465,0.01,-2.11,1.262,1.025,0.505,15.02,6.25,1.845,1.324,0.640,0.00,-2.15,1.232,1.028,0.613,19.85,3.97,1.886,1.279,0.754
batch_test_466,-0.02,-2.14,1.223,1.057,0.544,14.37,6.24,1.651,1.295,0.673,0.06,-2.11,1.191,1.032,0.637,25.70,8.62,1.755,1.338,0.772
batch_test_467,-0.01,-2.13,1.380,1.031,0.632,5.53,0.38,1.954,1.122,0.718,0.00,-2.14,1.274,1.023,0.773,0.03,-2.94,1.590,1.055,0.764
batch_test_468,-0.01,-2.16,1.244,1.026,0.571,5.01,1.14,1.783,1.111,0.642,-0.00,-2.13,1.132,1.023,0.690,12.80,6.28,1.789,1.165,0.735
batch_test_469,-0.04,-2.16,1.398,1.044,0.585,13.12,4.08,1.898,1.304,0.725,-0.02,-2.15,1.259,1.030,0.717,16.39,4.81,1.703,1.158,0.794
batch_test_470,-0.01,-2.11,1.330,1.047,0.476,11.74,4.19,1.682,1.262,0.561,-0.03,-2.14,1.289,1.038,0.528,23.44,4.79,1.657,1.176,0.594
batch_test_471,-0.03,-2.17,1.082,1.051,0.518,15.53,6.17,1.376,1.119,0.618,-0.02,-2.14,1.128,1.032,0.650,22.44,7.54,1.419,1.113,0.744
batch_test_472,0.02,-2.11,1.385,1.059,0.606,10.09,3.34,1.486,1.181,0.643,-0.00,-2.13,1.288,1.040,0.689,24.31,5.28,1.649,1.244,0.730
batch_test_473,-0.02,-2.17,1.352,1.050,0.575,6.49,1.22,1.789,1.149,0.674,0.02,-2.13,1.312,1.033,0.685,5.13,0.92,1.714,1.096,0.755
batch_test_474,0.01,-2.11,1.561,1.102,0.661,25.76,8.37,2.570,1.683,0.781,0.02,-2.12,1.456,1.057,0.760,30.22,4.93,1.925,1.339,0.818
batch_test_475,-0.05,-2.18,1.687,1.139,0.739,1.80,-0.08,2.114,1.393,0.769,0.02,-2.11,1.567,1.096,0.740,-3.92,-5.35,1.937,1.263,0.764
batch_test_476,-0.01,-2.09,1.325,1.065,0.531,14.06,6.82,1.711,1.304,0.647,-0.01,-2.15,1.130,1.032,0.620,16.15,6.01,1.582,1.223,0.715
batch_test_477,0.02,-2.12,1.342,1.071,0.569,16.43,6.24,1.759,1.218,0.692,0.01,-2.13,1.373,1.049,0.578,22.21,6.98,1.856,1.196,0.697
batch_test_478,0.01,-2.10,1.289,1.037,0.579,6.83,2.40,1.678,1.132,0.704,-0.01,-2.11,1.218,1.026,0.694,13.68,5.72,1.720,1.144,0.813
batch_test_479,-0.01,-2.13,1.500,1.088,0.686,17.96,7.94,2.469,1.771,0.857,0.00,-2.14,1.364,1.056,0.744,32.03,8.25,2.159,1.497,0.866
batch_test_480,-0.00,-2.13,1.246,1.037,0.560,20.18,6.07,1.651,1.251,0.583,-0.02,-2.15,1.196,1.029,0.644,25.31,7.52,1.677,1.230,0.659
batch_test_481,0.01,-2.15,1.426,1.050,0.559,12.21,5.30,1.981,1.398,0.694,-0.03,-2.15,1.284,1.035,0.673,19.02,7.44,1.886,1.266,0.776
batch_test_482,-0.01,-2.13,1.393,1.060,0.501,14.38,4.70,1.731,1.217,0.669,0.02,-2.12,1.288,1.043,0.617,23.40,7.44,1.818,1.177,0.783
batch_test_483,0.01,-2.12,1.286,1.047,0.596,12.71,5.90,2.114,1.555,0.743,-0.02,-2.17,1.191,1.041,0.677,19.96,8.36,1.951,1.395,0.814
batch_test_484,0.01,-2.12,1.462,1.061,0.643,3.95,0.10,2.008,1.172,0.681,0.01,-2.12,1.425,1.048,0.792,2.39,-0.36,1.908,1.135,0.770
batch_test_485,-0.00,-2.13,1.276,1.038,0.595,3.61,1.23,2.036,1.167,0.705,0.00,-2.14,1.215,1.029,0.711,2.77,0.44,1.993,1.133,0.789
batch_test_486,-0.01,-2.14,1.361,1.063,0.605,17.52,5.02,1.766,1.314,0.658,-0.03,-2.16,1.251,1.037,0.711,18.67,3.29,1.556,1.168,0.710
batch_test_487,-0.01,-2.13,1.307,1.076,0.626,15.12,5.61,1.880,1.434,0.809,0.01,-2.11,1.227,1.060,0.678,24.25,6.99,1.667,1.220,0.848
batch_test_488,0.02,-2.09,1.399,1.029,0.467,3.33,-0.34,1.631,1.142,0.570,-0.01,-2.12,1.280,1.024,0.497,13.27,3.16,1.855,1.252,0.651
batch_test_489,0.03,-2.11,1.395,1.060,0.682,26.14,6.87,1.646,1.237,0.754,-0.01,-2.15,1.293,1.045,0.758,50.58,6.94,1.793,1.250,0.819
batch_test_490,-0.01,-2.12,1.220,1.034,0.499,15.39,4.55,1.479,1.171,0.580,-0.02,-2.15,1.257,1.030,0.590,25.41,6.66,1.732,1.238,0.664
batch_test_491,0.00,-2.13,1.427,1.041,0.565,14.11,6.15,1.999,1.367,0.720,-0.01,-2.13,1.331,1.033,0.657,16.37,6.33,1.869,1.304,0.777
batch_test_492,0.03,-2.11,2.128,1.073,0.432,16.84,7.78,1.761,1.389,0.551,-0.04,-2.14,1.237,1.046,0.508,24.01,8.91,1.800,1.316,0.624
batch_test_493,0.04,-2.07,1.350,1.036,0.584,10.23,2.88,1.887,1.322,0.676,0.03,-2.09,1.299,1.029,0.684,19.03,4.72,1.798,1.233,0.717
batch_test_494,-0.08,-2.21,1.245,1.039,0.551,16.80,7.52,1.826,1.314,0.692,-0.03,-2.16,1.198,1.035,0.622,24.56,9.18,1.837,1.244,0.773
batch_test_495,-0.00,-2.13,1.379,1.036,0.537,4.93,1.24,1.813,1.311,0.651,0.00,-2.13,1.304,1.026,0.649,6.12,2.19,1.803,1.206,0.728
batch_test_496,0.04,-2.09,1.080,1.054,0.595,5.53,0.82,1.263,1.090,0.639,0.01,-2.14,1.146,1.036,0.695,29.02,6.01,1.526,1.114,0.732
batch_test_497,0.01,-2.10,1.305,1.027,0.613,7.19,0.86,1.781,1.129,0.681,-0.02,-2.15,1.197,1.020,0.752,0.88,-2.16,1.585,1.059,0.745
batch_test_498,-0.04,-2.15,1.438,1.041,0.618,10.82,3.54,1.850,1.249,0.726,0.00,-2.12,1.338,1.025,0.716,10.88,2.72,1.689,1.157,0.768
batch_test_499,-0.03,-2.14,1.361,1.069,0.674,7.21,2.30,2.100,1.499,0.756,-0.00,-2.13,1.343,1.044,0.802,0.63,-2.29,1.811,1.246,0.808
