Run_ID,Reverb_Base_SIR,Reverb_Base_SINR,Reverb_Base_PESQ_NB,Reverb_Base_PESQ_WB,Reverb_Base_STOI,Reverb_Oracle_SIR,Reverb_Oracle_SINR,Reverb_Oracle_PESQ_NB,Reverb_Oracle_PESQ_WB,Reverb_Oracle_STOI,NoReverb_Base_SIR,NoReverb_Base_SINR,NoReverb_Base_PESQ_NB,NoReverb_Base_PESQ_WB,NoReverb_Base_STOI,NoReverb_Oracle_SIR,NoReverb_Oracle_SINR,NoReverb_Oracle_PESQ_NB,NoReverb_Oracle_PESQ_WB,NoReverb_Oracle_STOI
batch_test_000,0.02,-2.10,1.390,1.042,0.580,29.61,6.23,2.594,1.417,0.866,-0.00,-2.14,1.315,1.020,0.659,33.18,6.58,2.292,1.260,0.851
batch_test_001,-0.04,-2.14,1.616,1.091,0.619,39.72,10.05,2.544,1.787,0.864,0.01,-2.11,1.554,1.065,0.731,44.16,9.91,2.211,1.518,0.892
batch_test_002,-0.01,-2.13,1.231,1.031,0.580,36.89,9.71,1.751,1.261,0.811,-0.04,-2.15,1.198,1.027,0.705,42.61,9.21,1.510,1.141,0.848
batch_test_003,0.00,-2.11,1.417,1.049,0.475,23.96,8.52,3.040,1.616,0.856,-0.03,-2.13,1.312,1.031,0.507,23.25,9.05,2.667,1.493,0.866
batch_test_004,-0.02,-2.14,1.273,1.053,0.497,26.41,7.02,1.789,1.208,0.775,0.01,-2.12,1.221,1.051,0.612,29.57,7.40,1.624,1.112,0.823
batch_test_005,-0.01,-2.14,1.279,1.028,0.551,26.45,7.89,2.557,1.460,0.880,-0.02,-2.14,1.286,1.027,0.738,39.26,8.49,2.022,1.212,0.918
batch_test_006,-0.01,-2.14,1.204,1.029,0.591,34.99,10.19,2.041,1.330,0.839,-0.00,-2.15,1.176,1.029,0.706,37.67,10.20,1.839,1.176,0.867
batch_test_007,0.02,-2.12,1.347,1.082,0.505,29.19,7.40,1.812,1.145,0.764,-0.01,-2.13,1.269,1.067,0.582,32.75,7.81,1.673,1.102,0.795
batch_test_008,0.03,-2.10,1.509,1.044,0.641,28.70,7.24,2.296,1.236,0.893,0.00,-2.14,1.404,1.040,0.722,33.60,7.63,2.003,1.163,0.916
batch_test_009,-0.04,-2.17,1.491,1.056,0.661,54.37,8.27,1.954,1.293,0.850,0.01,-2.13,1.312,1.036,0.778,57.62,9.43,1.715,1.200,0.910
batch_test_010,-0.01,-2.13,1.446,1.065,0.586,28.93,7.08,2.212,1.311,0.848,0.02,-2.10,1.362,1.041,0.653,32.75,7.11,2.026,1.196,0.874
batch_test_011,-0.00,-2.12,1.322,1.033,0.575,28.90,6.28,2.044,1.206,0.874,-0.00,-2.13,1.202,1.034,0.688,32.75,6.80,1.798,1.113,0.901
batch_test_012,-0.04,-2.15,1.274,1.040,0.563,27.57,8.34,1.801,1.169,0.828,-0.02,-2.13,1.186,1.033,0.596,29.68,8.67,1.472,1.069,0.838
batch_test_013,-0.05,-2.19,1.930,1.072,0.573,20.89,6.79,3.010,1.524,0.828,0.03,-2.12,1.855,1.037,0.622,25.31,7.64,2.528,1.350,0.811
batch_test_014,0.01,-2.12,1.231,1.035,0.482,23.69,7.53,1.775,1.160,0.756,-0.04,-2.13,1.167,1.025,0.571,26.30,8.15,1.628,1.091,0.792
batch_test_015,0.03,-2.14,1.427,1.047,0.606,26.09,8.23,2.079,1.303,0.832,-0.04,-2.18,1.375,1.043,0.709,29.30,8.66,1.887,1.185,0.861
batch_test_016,-0.03,-2.15,1.295,1.068,0.701,49.47,6.20,2.175,1.262,0.880,0.00,-2.12,1.259,1.069,0.773,53.01,6.34,1.798,1.133,0.907
batch_test_017,0.00,-2.12,1.327,1.076,0.658,31.85,7.77,2.345,1.338,0.896,-0.06,-2.17,1.206,1.046,0.747,36.65,8.35,2.004,1.184,0.918
batch_test_018,0.03,-2.12,1.414,1.055,0.606,32.48,7.39,1.971,1.242,0.859,0.02,-2.12,1.299,1.047,0.705,33.94,7.67,1.784,1.143,0.884
batch_test_019,0.03,-2.11,1.281,1.035,0.582,29.11,9.58,1.879,1.332,0.837,0.02,-2.15,1.229,1.032,0.695,30.58,8.66,1.691,1.165,0.874
batch_test_020,-0.02,-2.14,1.378,1.066,0.710,25.79,7.24,2.045,1.314,0.899,0.00,-2.10,1.322,1.049,0.816,28.40,7.84,1.878,1.237,0.939
batch_test_021,0.02,-2.12,1.390,1.066,0.535,23.83,7.44,2.128,1.363,0.847,0.04,-2.09,1.314,1.045,0.687,28.59,7.61,1.911,1.160,0.878
batch_test_022,0.03,-2.11,1.392,1.048,0.513,29.10,8.85,2.140,1.559,0.835,-0.01,-2.13,1.311,1.045,0.650,30.62,8.84,1.938,1.358,0.864
batch_test_023,0.02,-2.10,1.205,1.040,0.552,30.61,6.54,2.363,1.221,0.869,-0.03,-2.15,1.204,1.037,0.628,33.24,7.25,2.110,1.158,0.902
batch_test_024,0.01,-2.11,1.232,1.029,0.554,29.48,11.86,2.789,1.843,0.869,0.01,-2.11,1.159,1.022,0.650,30.37,12.51,2.497,1.565,0.889
batch_test_025,0.03,-2.10,1.695,1.091,0.641,37.60,10.43,3.030,1.684,0.857,-0.01,-2.13,1.533,1.074,0.669,42.46,11.22,2.576,1.576,0.857
batch_test_026,-0.04,-2.15,1.336,1.044,0.494,25.56,7.25,2.018,1.278,0.804,-0.01,-2.15,1.205,1.029,0.623,30.42,7.52,1.549,1.095,0.838
batch_test_027,0.01,-2.13,1.325,1.054,0.559,26.72,8.60,2.067,1.410,0.827,0.02,-2.11,1.277,1.045,0.689,31.04,8.70,1.826,1.251,0.864
batch_test_028,0.01,-2.12,1.577,1.086,0.668,38.05,7.99,2.048,1.243,0.845,-0.03,-2.16,1.443,1.068,0.748,38.19,8.43,1.825,1.183,0.877
batch_test_029,-0.04,-2.15,1.336,1.035,0.584,25.72,8.71,2.123,1.298,0.845,-0.03,-2.14,1.273,1.031,0.679,26.57,8.93,1.821,1.176,0.863
batch_test_030,-0.01,-2.14,1.379,1.059,0.483,27.09,9.66,3.095,1.692,0.878,0.01,-2.11,1.217,1.026,0.664,27.75,9.89,2.710,1.454,0.917
batch_test_031,-0.01,-2.13,1.443,1.098,0.604,26.63,8.41,2.184,1.445,0.856,-0.05,-2.18,1.312,1.066,0.721,30.91,8.32,1.882,1.243,0.873
batch_test_032,0.05,-2.10,1.245,1.115,0.530,29.29,6.68,2.328,1.352,0.788,-0.03,-2.15,1.318,1.054,0.578,31.18,6.70,1.918,1.155,0.769
batch_test_033,-0.07,-2.15,1.322,1.034,0.565,23.43,6.69,2.031,1.225,0.842,0.00,-2.15,1.221,1.026,0.663,29.90,6.99,1.662,1.101,0.863
batch_test_034,-0.03,-2.14,1.413,1.044,0.502,26.00,9.30,2.441,1.564,0.804,-0.05,-2.17,1.315,1.037,0.640,28.89,9.24,1.985,1.354,0.851
batch_test_035,-0.05,-2.20,1.258,1.027,0.473,33.26,7.93,1.837,1.184,0.787,-0.01,-2.17,1.197,1.023,0.596,36.43,8.12,1.691,1.147,0.811
batch_test_036,-0.02,-2.15,1.593,1.096,0.660,68.47,6.46,1.803,1.188,0.759,-0.02,-2.13,1.522,1.081,0.742,66.70,6.45,1.695,1.138,0.831
batch_test_037,0.01,-2.13,1.301,1.038,0.552,25.34,6.22,2.374,1.214,0.871,-0.05,-2.17,1.231,1.031,0.670,28.53,7.04,2.178,1.161,0.905
batch_test_038,0.03,-2.08,1.233,1.038,0.630,28.28,9.43,2.185,1.503,0.847,0.07,-2.08,1.146,1.026,0.697,30.34,10.17,1.850,1.271,0.877
batch_test_039,0.06,-2.09,1.140,1.023,0.580,22.79,5.68,1.485,1.059,0.820,0.03,-2.12,1.125,1.018,0.747,24.70,6.43,1.298,1.041,0.873
batch_test_040,0.04,-2.10,1.480,1.053,0.530,22.31,6.71,2.219,1.318,0.802,-0.01,-2.12,1.434,1.041,0.590,24.57,7.18,1.967,1.201,0.819
batch_test_041,-0.05,-2.18,1.089,1.036,0.556,29.06,9.28,2.682,1.556,0.890,-0.00,-2.12,1.321,1.056,0.624,31.42,9.89,2.278,1.342,0.896
batch_test_042,-0.00,-2.12,1.221,1.031,0.524,25.31,7.47,1.717,1.163,0.724,-0.02,-2.13,1.181,1.028,0.640,28.33,7.93,1.606,1.095,0.757
batch_test_043,0.00,-2.11,1.398,1.051,0.581,26.16,6.36,1.949,1.172,0.818,0.02,-2.11,1.368,1.046,0.656,31.91,7.15,1.772,1.121,0.830
batch_test_044,0.00,-2.12,1.395,1.081,0.435,27.01,8.49,1.923,1.276,0.817,-0.04,-2.16,1.304,1.056,0.547,32.74,8.48,1.673,1.176,0.811
batch_test_045,-0.03,-2.16,1.199,1.030,0.575,31.07,10.11,2.618,1.748,0.865,0.02,-2.10,1.178,1.027,0.644,30.39,10.29,2.280,1.505,0.884
batch_test_046,0.02,-2.11,1.513,1.063,0.572,29.04,6.63,2.695,1.488,0.893,-0.01,-2.14,1.402,1.048,0.677,30.84,7.12,2.432,1.355,0.909
batch_test_047,0.06,-2.08,1.273,1.059,0.471,19.69,8.12,2.443,1.208,0.837,-0.01,-2.18,1.179,1.028,0.547,21.62,8.39,2.006,1.374,0.856
batch_test_048,0.03,-2.12,1.449,1.032,0.612,26.31,7.72,2.956,1.602,0.896,-0.01,-2.14,1.313,1.022,0.691,26.65,8.50,2.432,1.360,0.920
batch_test_049,-0.01,-2.10,1.521,1.210,0.499,23.31,7.43,2.185,1.529,0.770,0.03,-2.11,1.409,1.096,0.572,27.28,7.20,1.813,1.222,0.776
batch_test_050,-0.04,-2.14,1.372,1.072,0.608,27.60,8.84,2.176,1.449,0.855,0.03,-2.14,1.230,1.058,0.702,33.44,8.95,1.888,1.238,0.883
batch_test_051,-0.00,-2.12,1.321,1.035,0.639,39.32,8.79,1.959,1.347,0.847,-0.06,-2.17,1.243,1.026,0.724,41.92,9.67,1.898,1.344,0.898
batch_test_052,-0.03,-2.17,1.485,1.095,0.686,33.06,9.84,2.549,1.761,0.887,0.01,-2.13,1.424,1.071,0.769,36.09,9.68,2.216,1.410,0.908
batch_test_053,-0.01,-2.15,1.397,1.044,0.491,25.66,7.63,2.106,1.283,0.804,0.06,-2.11,1.350,1.037,0.618,28.52,7.44,1.932,1.182,0.836
batch_test_054,0.01,-2.11,1.440,1.043,0.557,25.07,7.73,1.995,1.349,0.814,0.05,-2.07,1.306,1.033,0.652,30.15,8.04,1.758,1.181,0.835
batch_test_055,-0.01,-2.14,1.496,1.157,0.590,31.49,7.12,2.184,1.398,0.860,0.01,-2.12,1.429,1.063,0.648,30.15,7.96,2.182,1.328,0.897
batch_test_056,-0.02,-2.12,1.578,1.065,0.637,29.29,9.55,2.616,1.837,0.881,-0.02,-2.13,1.487,1.044,0.681,15.97,5.22,2.024,1.287,0.841
batch_test_057,-0.02,-2.16,1.280,1.036,0.483,24.45,6.14,2.244,1.214,0.846,0.03,-2.10,1.234,1.027,0.555,27.72,6.68,2.003,1.161,0.866
batch_test_058,-0.02,-2.15,1.508,1.043,0.615,24.73,6.37,2.366,1.289,0.874,0.01,-2.11,1.367,1.029,0.741,27.41,6.97,1.983,1.141,0.902
batch_test_059,-0.00,-2.14,1.465,1.120,0.455,22.26,7.21,2.052,1.383,0.747,0.01,-2.10,1.423,1.080,0.526,26.01,7.52,1.839,1.256,0.760
batch_test_060,0.01,-2.12,1.272,1.044,0.518,28.33,7.37,2.038,1.382,0.844,-0.01,-2.12,1.227,1.026,0.622,28.98,7.66,1.826,1.244,0.870
batch_test_061,0.00,-2.15,1.731,1.298,0.528,31.54,7.83,2.678,1.555,0.741,-0.02,-2.15,2.144,1.175,0.473,36.88,7.84,2.614,1.357,0.638
batch_test_062,-0.02,-2.13,1.454,1.078,0.620,25.52,7.10,2.196,1.399,0.872,-0.00,-2.14,1.364,1.047,0.733,32.13,7.39,1.855,1.186,0.903
batch_test_063,0.00,-2.14,1.233,1.035,0.509,29.74,9.50,2.247,1.449,0.873,-0.03,-2.17,1.164,1.023,0.653,34.44,9.70,1.957,1.278,0.905
batch_test_064,-0.01,-2.12,1.372,1.054,0.621,25.19,8.25,2.112,1.420,0.836,-0.06,-2.14,1.305,1.042,0.724,26.61,8.21,1.786,1.217,0.866
batch_test_065,0.02,-2.13,1.287,1.049,0.473,30.13,8.72,2.004,1.288,0.817,0.01,-2.13,1.210,1.026,0.599,32.20,9.20,1.797,1.157,0.846
batch_test_066,-0.03,-2.16,1.423,1.073,0.596,26.95,8.66,2.106,1.407,0.836,0.00,-2.14,1.348,1.062,0.700,33.01,8.86,1.876,1.262,0.869
batch_test_067,-0.00,-2.14,1.352,1.060,0.562,26.37,5.39,1.720,1.172,0.791,0.03,-2.13,1.226,1.034,0.643,27.71,5.45,1.530,1.089,0.833
batch_test_068,0.03,-2.10,1.273,1.027,0.470,28.79,7.15,1.930,1.156,0.818,0.00,-2.14,1.228,1.034,0.560,30.40,7.21,1.682,1.123,0.819
batch_test_069,0.03,-2.08,1.267,1.047,0.516,26.17,8.16,1.835,1.293,0.821,-0.01,-2.16,1.213,1.032,0.649,30.59,7.90,1.585,1.154,0.855
batch_test_070,-0.02,-2.13,1.422,1.069,0.481,25.47,9.67,2.412,1.709,0.788,0.05,-2.09,1.342,1.059,0.547,27.63,9.32,2.074,1.505,0.805
batch_test_071,-0.02,-2.13,1.262,1.040,0.550,30.23,7.70,1.924,1.269,0.796,0.04,-2.09,1.217,1.034,0.601,31.61,7.65,1.743,1.131,0.805
batch_test_072,0.02,-2.10,1.533,1.131,0.517,27.80,8.48,1.684,1.081,0.797,0.02,-2.10,1.167,1.048,0.575,31.23,8.82,1.384,1.049,0.796
batch_test_073,0.03,-2.09,1.374,1.037,0.612,27.80,7.29,1.979,1.209,0.852,-0.03,-2.15,1.248,1.029,0.707,32.23,7.62,1.670,1.098,0.866
batch_test_074,0.02,-2.12,1.330,1.047,0.575,30.02,6.34,1.916,1.175,0.809,0.06,-2.09,1.273,1.028,0.681,31.51,6.83,1.744,1.128,0.862
batch_test_075,-0.00,-2.16,1.202,1.027,0.461,26.37,7.06,1.713,1.094,0.719,0.03,-2.10,1.147,1.023,0.569,30.04,7.59,1.467,1.048,0.756
batch_test_076,-0.07,-2.18,1.236,1.073,0.707,34.44,9.67,2.029,1.445,0.881,0.02,-2.11,1.184,1.051,0.767,43.66,10.88,1.827,1.379,0.914
batch_test_077,0.00,-2.13,1.324,1.055,0.648,47.45,8.64,2.141,1.338,0.868,0.01,-2.11,1.369,1.050,0.760,47.29,8.78,2.063,1.241,0.919
batch_test_078,-0.01,-2.13,1.599,1.107,0.668,38.89,7.65,2.331,1.314,0.871,-0.01,-2.14,1.542,1.080,0.774,40.89,7.76,2.151,1.208,0.901
batch_test_079,0.02,-2.15,1.298,1.085,0.547,28.77,8.61,1.835,1.198,0.800,0.01,-2.14,1.215,1.072,0.629,34.37,8.68,1.501,1.097,0.819
batch_test_080,-0.02,-2.13,1.316,1.040,0.524,28.73,6.95,2.115,1.278,0.804,0.02,-2.11,1.258,1.033,0.629,32.35,7.32,1.869,1.177,0.838
batch_test_081,0.06,-2.07,1.339,1.038,0.541,26.08,8.54,2.470,1.604,0.847,0.03,-2.10,1.272,1.029,0.677,30.12,8.47,2.051,1.255,0.870
batch_test_082,-0.04,-2.16,1.431,1.080,0.633,29.91,7.63,2.403,1.335,0.876,0.02,-2.10,1.363,1.058,0.725,32.09,8.15,2.046,1.211,0.906
batch_test_083,0.02,-2.11,1.330,1.043,0.522,28.57,6.92,1.891,1.184,0.772,-0.01,-2.15,1.218,1.032,0.603,34.22,7.18,1.616,1.087,0.794
batch_test_084,-0.03,-2.15,1.602,1.085,0.628,22.97,7.38,2.272,1.485,0.868,0.00,-2.15,1.570,1.038,0.761,22.50,6.95,2.030,1.226,0.899
batch_test_085,0.01,-2.12,1.237,1.063,0.512,28.51,9.34,2.019,1.306,0.812,0.02,-2.08,1.143,1.063,0.667,33.64,9.40,1.682,1.143,0.853
batch_test_086,-0.00,-2.12,1.435,1.038,0.572,27.26,6.74,2.445,1.219,0.862,0.01,-2.12,1.360,1.031,0.711,32.01,7.18,2.173,1.157,0.892
batch_test_087,0.01,-2.12,1.390,1.037,0.560,25.40,7.81,2.065,1.227,0.832,0.02,-2.10,1.322,1.027,0.670,29.99,8.07,1.820,1.130,0.865
batch_test_088,-0.02,-2.15,1.418,1.049,0.539,27.37,6.86,2.291,1.309,0.811,0.04,-2.10,1.377,1.046,0.644,30.16,7.14,2.080,1.271,0.852
batch_test_089,-0.02,-2.15,1.258,1.051,0.557,26.55,6.27,2.044,1.269,0.857,-0.03,-2.15,1.183,1.030,0.668,28.72,6.43,1.722,1.111,0.883
batch_test_090,-0.02,-2.16,1.503,1.069,0.581,24.17,8.17,2.107,1.356,0.834,0.01,-2.13,1.406,1.063,0.600,26.49,8.01,1.927,1.254,0.836
batch_test_091,-0.00,-2.14,1.340,1.076,0.462,27.60,7.36,2.044,1.332,0.782,-0.04,-2.16,1.209,1.035,0.573,30.28,7.11,1.768,1.173,0.818
batch_test_092,0.01,-2.15,1.277,1.028,0.486,23.31,7.57,1.885,1.096,0.838,0.03,-2.14,1.200,1.026,0.580,25.04,7.81,1.606,1.065,0.843
batch_test_093,0.01,-2.13,1.332,1.030,0.469,29.98,8.87,2.237,1.379,0.803,-0.03,-2.18,1.238,1.023,0.587,27.73,8.59,1.910,1.220,0.828
batch_test_094,0.03,-2.09,1.401,1.054,0.490,26.94,9.27,2.147,1.378,0.802,-0.02,-2.14,1.279,1.039,0.566,30.54,9.57,1.769,1.203,0.793
batch_test_095,0.03,-2.09,1.198,1.038,0.656,23.05,9.40,2.990,2.095,0.927,0.02,-2.14,1.138,1.026,0.760,28.41,10.43,2.576,1.802,0.951
batch_test_096,0.02,-2.11,1.336,1.060,0.527,22.78,6.24,1.966,1.152,0.812,-0.03,-2.17,1.234,1.051,0.629,27.92,7.17,1.675,1.085,0.828
batch_test_097,-0.00,-2.16,1.278,1.071,0.598,35.09,8.64,1.891,1.221,0.808,-0.04,-2.18,1.279,1.087,0.699,37.66,8.66,1.619,1.108,0.846
batch_test_098,0.00,-2.09,1.293,1.042,0.318,29.64,9.59,1.967,1.342,0.649,-0.13,-2.26,1.317,1.039,0.443,36.32,8.99,1.867,1.216,0.687
batch_test_099,-0.02,-2.13,1.350,1.072,0.638,26.82,9.58,3.304,2.043,0.915,-0.01,-2.10,1.249,1.049,0.734,27.47,10.13,2.705,1.821,0.933
batch_test_100,-0.02,-2.13,1.499,1.048,0.530,25.49,7.70,2.198,1.228,0.811,0.02,-2.11,1.422,1.025,0.608,30.55,8.58,1.882,1.119,0.810
batch_test_101,-0.00,-2.16,1.445,1.071,0.552,29.62,6.44,2.130,1.341,0.830,-0.02,-2.18,1.399,1.053,0.607,33.92,6.66,1.979,1.240,0.856
batch_test_102,0.00,-2.13,1.319,1.052,0.389,23.23,9.50,2.643,1.835,0.766,-0.03,-2.17,1.214,1.036,0.471,24.80,9.48,2.265,1.580,0.782
batch_test_103,0.01,-2.11,1.481,1.039,0.502,21.74,8.25,2.816,1.695,0.877,-0.01,-2.13,1.397,1.030,0.642,23.42,9.12,2.399,1.495,0.902
batch_test_104,0.02,-2.11,1.208,1.045,0.411,31.64,6.70,1.906,1.142,0.793,-0.07,-2.20,1.219,1.036,0.547,31.00,6.58,1.740,1.073,0.837
batch_test_105,-0.08,-2.21,1.301,1.052,0.499,31.22,7.65,2.221,1.409,0.814,0.04,-2.12,1.340,1.047,0.597,32.52,6.97,2.021,1.187,0.842
batch_test_106,0.01,-2.11,1.260,1.029,0.479,24.77,11.42,2.927,2.041,0.862,0.02,-2.11,1.215,1.023,0.596,26.55,12.27,2.697,1.870,0.899
batch_test_107,-0.00,-2.13,1.479,1.056,0.649,27.97,6.29,2.204,1.396,0.853,0.02,-2.10,1.339,1.039,0.776,31.33,6.63,1.835,1.197,0.900
batch_test_108,-0.00,-2.11,1.440,1.093,0.625,23.76,7.24,2.239,1.400,0.839,-0.02,-2.13,1.367,1.066,0.628,27.87,6.96,2.046,1.190,0.830
batch_test_109,0.03,-2.11,1.510,1.080,0.751,31.47,5.57,2.009,1.303,0.885,0.02,-2.11,1.278,1.032,0.734,27.98,6.34,1.658,1.139,0.891
batch_test_110,-0.01,-2.15,1.421,1.042,0.537,31.59,7.62,2.023,1.284,0.801,-0.05,-2.16,1.304,1.024,0.643,32.49,7.93,1.799,1.167,0.843
batch_test_111,0.04,-2.11,1.369,1.054,0.565,25.09,6.05,2.059,1.260,0.843,0.03,-2.09,1.242,1.063,0.633,28.29,6.51,1.845,1.124,0.867
batch_test_112,-0.02,-2.16,1.328,1.031,0.557,23.46,6.36,1.804,1.138,0.818,0.02,-2.13,1.282,1.040,0.610,24.90,6.64,1.614,1.073,0.825
batch_test_113,0.03,-2.09,1.568,1.055,0.540,27.53,8.15,2.487,1.489,0.807,-0.04,-2.17,1.456,1.046,0.636,32.67,8.86,2.086,1.285,0.845
batch_test_114,0.02,-2.11,1.378,1.028,0.445,29.28,7.10,1.866,1.281,0.768,-0.00,-2.14,1.354,1.024,0.578,37.28,7.51,1.716,1.188,0.833
batch_test_115,-0.01,-2.13,1.377,1.065,0.655,29.37,8.35,2.263,1.386,0.904,0.02,-2.09,1.307,1.051,0.763,32.63,8.77,1.890,1.232,0.935
batch_test_116,0.02,-2.11,1.426,1.055,0.572,31.20,6.06,2.503,1.266,0.856,-0.01,-2.10,1.307,1.036,0.659,31.59,6.70,2.442,1.175,0.889
batch_test_117,-0.05,-2.16,1.279,1.101,0.524,31.98,9.03,1.839,1.251,0.849,0.03,-2.10,1.205,1.131,0.639,36.00,9.22,1.556,1.105,0.872
batch_test_118,0.00,-2.13,1.216,1.074,0.597,30.43,6.09,1.717,1.080,0.808,0.00,-2.12,1.370,1.028,0.708,34.75,6.53,1.463,1.048,0.850
batch_test_119,-0.02,-2.13,1.350,1.072,0.648,29.22,6.90,2.094,1.387,0.873,0.02,-2.11,1.261,1.044,0.753,31.59,7.33,1.786,1.200,0.910
batch_test_120,0.00,-2.14,1.411,1.046,0.633,31.34,10.06,2.728,1.943,0.890,0.00,-2.14,1.310,1.032,0.743,37.04,11.23,2.518,1.832,0.930
batch_test_121,-0.05,-2.18,1.362,1.052,0.602,27.68,8.76,2.713,1.678,0.886,-0.04,-2.16,1.267,1.037,0.687,29.84,9.18,2.188,1.335,0.882
batch_test_122,0.03,-2.11,1.335,1.041,0.508,27.59,7.84,2.097,1.269,0.836,0.00,-2.12,1.286,1.032,0.626,28.69,7.50,1.836,1.140,0.858
batch_test_123,-0.03,-2.13,1.628,1.049,0.438,21.47,6.91,1.970,1.058,0.798,0.02,-2.10,1.462,1.080,0.531,23.18,7.82,1.745,1.041,0.836
batch_test_124,0.02,-2.13,1.317,1.070,0.537,25.81,9.79,2.183,1.462,0.830,-0.02,-2.14,1.281,1.062,0.645,29.04,9.31,1.966,1.230,0.858
batch_test_125,-0.01,-2.14,1.272,1.027,0.642,25.57,9.96,2.958,1.959,0.922,-0.03,-2.15,1.174,1.021,0.774,31.33,11.16,2.362,1.536,0.950
batch_test_126,-0.04,-2.16,1.275,1.053,0.585,24.84,7.34,2.032,1.216,0.839,0.02,-2.13,1.190,1.048,0.665,27.47,7.58,1.705,1.117,0.862
batch_test_127,-0.01,-2.12,1.397,1.070,0.547,35.20,7.07,1.860,1.345,0.791,-0.01,-2.14,1.307,1.057,0.647,40.14,7.02,1.694,1.216,0.825
batch_test_128,-0.02,-2.12,1.324,1.047,0.483,22.27,8.59,2.294,1.324,0.856,0.00,-2.13,1.257,1.032,0.640,20.21,8.27,1.900,1.159,0.893
batch_test_129,-0.02,-2.11,1.477,1.070,0.472,22.67,6.22,2.650,1.321,0.777,-0.00,-2.11,1.384,1.047,0.505,24.47,6.82,2.331,1.226,0.784
batch_test_130,-0.02,-2.12,1.532,1.181,0.473,25.44,6.56,2.177,1.232,0.762,0.03,-2.10,1.390,1.062,0.509,30.49,6.80,1.888,1.131,0.757
batch_test_131,0.00,-2.09,1.455,1.052,0.524,22.65,6.57,2.042,1.205,0.833,-0.01,-2.13,1.321,1.034,0.591,26.07,7.10,1.768,1.104,0.808
batch_test_132,0.00,-2.14,1.189,1.029,0.491,28.33,7.35,1.942,1.193,0.834,-0.05,-2.16,1.206,1.024,0.663,29.54,7.57,1.573,1.071,0.864
batch_test_133,0.02,-2.11,1.487,1.061,0.573,21.17,7.57,2.951,1.804,0.892,0.05,-2.07,1.432,1.050,0.641,20.82,7.88,2.769,1.628,0.904
batch_test_134,0.01,-2.13,1.345,1.043,0.533,25.16,5.92,2.341,1.251,0.833,0.02,-2.11,1.268,1.031,0.620,28.38,6.48,2.014,1.172,0.847
batch_test_135,-0.01,-2.13,1.382,1.056,0.593,37.94,7.13,1.641,1.091,0.732,-0.00,-2.14,1.294,1.047,0.524,46.56,7.05,1.531,1.062,0.664
batch_test_136,0.01,-2.13,1.291,1.039,0.530,28.58,8.24,2.050,1.347,0.813,-0.02,-2.12,1.247,1.029,0.630,28.00,8.39,1.829,1.195,0.848
batch_test_137,-0.00,-2.12,1.241,1.026,0.546,22.15,7.04,2.069,1.095,0.863,-0.01,-2.14,1.149,1.022,0.677,26.04,8.17,1.777,1.060,0.893
batch_test_138,-0.04,-2.15,1.307,1.051,0.509,26.27,7.99,1.854,1.247,0.779,0.02,-2.11,1.266,1.041,0.549,29.49,7.62,1.610,1.115,0.773
batch_test_139,0.01,-2.13,1.338,1.052,0.521,28.49,8.48,2.149,1.281,0.783,0.00,-2.13,1.271,1.044,0.581,34.44,8.61,2.002,1.177,0.785
batch_test_140,-0.02,-2.14,1.325,1.064,0.545,30.44,6.76,2.512,1.383,0.849,-0.00,-2.12,1.298,1.046,0.597,32.87,7.13,2.361,1.256,0.855
batch_test_141,-0.00,-2.15,1.490,1.070,0.531,28.04,7.92,1.878,1.204,0.774,-0.02,-2.15,1.278,1.046,0.621,31.01,7.67,1.693,1.113,0.792
batch_test_142,0.04,-2.11,1.482,1.097,0.549,24.79,8.00,1.986,1.331,0.843,0.06,-2.07,1.424,1.072,0.646,26.16,8.12,1.756,1.183,0.865
batch_test_143,0.02,-2.14,1.741,1.126,0.412,27.36,7.57,2.250,1.440,0.668,-0.02,-2.13,1.667,1.088,0.460,29.13,8.10,2.108,1.259,0.662
batch_test_144,0.01,-2.11,1.306,1.051,0.511,23.11,6.62,2.042,1.257,0.832,-0.02,-2.15,1.263,1.035,0.560,24.96,6.92,1.834,1.145,0.826
batch_test_145,0.02,-2.11,1.440,1.042,0.606,28.80,8.06,2.185,1.407,0.879,-0.02,-2.16,1.319,1.035,0.672,33.15,8.45,1.836,1.183,0.901
batch_test_146,0.01,-2.12,1.216,1.039,0.561,27.99,8.73,1.905,1.330,0.833,0.00,-2.15,1.191,1.038,0.640,34.21,8.93,1.742,1.215,0.864
batch_test_147,0.02,-2.13,1.706,1.067,0.564,26.93,9.08,3.082,2.006,0.820,-0.03,-2.14,1.708,1.050,0.647,29.61,8.94,2.649,1.699,0.830
batch_test_148,-0.03,-2.14,1.507,1.042,0.530,26.19,7.75,2.075,1.249,0.824,-0.00,-2.14,1.457,1.035,0.554,28.42,7.81,1.914,1.149,0.803
batch_test_149,-0.02,-2.14,1.412,1.063,0.661,40.03,5.65,1.864,1.181,0.839,0.00,-2.12,1.339,1.052,0.741,44.10,6.24,1.796,1.134,0.878
batch_test_150,0.03,-2.13,1.480,1.165,0.651,32.52,6.46,2.165,1.374,0.871,-0.03,-2.14,1.395,1.171,0.754,36.62,6.94,1.922,1.211,0.909
batch_test_151,-0.01,-2.13,1.565,1.090,0.650,27.37,8.86,2.896,1.909,0.913,0.01,-2.10,1.479,1.052,0.737,33.00,10.20,2.543,1.720,0.941
batch_test_152,-0.01,-2.15,1.482,1.061,0.608,25.81,6.52,2.006,1.181,0.861,-0.00,-2.15,1.449,1.050,0.708,28.47,6.73,1.900,1.180,0.904
batch_test_153,-0.01,-2.13,1.578,1.076,0.653,28.11,10.18,2.987,1.959,0.908,-0.01,-2.13,1.572,1.060,0.746,31.89,9.87,2.583,1.543,0.891
batch_test_154,-0.05,-2.18,1.296,1.044,0.616,23.79,7.20,2.107,1.275,0.855,0.06,-2.12,1.239,1.032,0.719,30.34,7.59,1.951,1.143,0.872
batch_test_155,0.02,-2.13,1.348,1.056,0.641,25.32,5.17,2.041,1.212,0.896,0.02,-2.13,1.292,1.036,0.723,28.19,5.65,1.760,1.113,0.920
batch_test_156,0.01,-2.12,1.334,1.039,0.505,27.88,7.40,2.121,1.273,0.816,0.00,-2.13,1.220,1.025,0.611,30.22,7.58,1.701,1.045,0.830
batch_test_157,-0.04,-2.19,1.273,1.038,0.555,35.50,9.88,1.798,1.218,0.826,-0.00,-2.12,1.177,1.032,0.699,35.90,9.74,1.519,1.151,0.875
batch_test_158,0.07,-2.07,1.427,1.067,0.637,25.99,6.24,2.240,1.321,0.895,-0.01,-2.14,1.278,1.040,0.705,29.33,6.60,1.875,1.163,0.915
batch_test_159,-0.00,-2.12,1.381,1.048,0.518,23.56,5.31,2.219,1.160,0.814,-0.00,-2.14,1.295,1.035,0.611,26.14,5.38,1.884,1.092,0.830
batch_test_160,0.07,-2.08,1.243,1.039,0.440,29.68,8.44,1.979,1.389,0.767,-0.00,-2.16,1.189,1.032,0.561,36.18,8.51,1.755,1.190,0.805
batch_test_161,0.01,-2.13,1.327,1.036,0.580,25.68,5.93,1.973,1.185,0.823,-0.00,-2.14,1.211,1.030,0.671,26.65,6.62,1.730,1.108,0.867
batch_test_162,0.00,-2.12,1.463,1.086,0.630,26.53,6.74,2.525,1.393,0.886,0.01,-2.12,1.324,1.055,0.715,29.44,7.26,2.145,1.231,0.910
batch_test_163,0.03,-2.12,1.294,1.042,0.612,25.85,7.73,1.990,1.338,0.859,0.01,-2.13,1.211,1.033,0.723,28.70,7.56,1.765,1.157,0.887
batch_test_164,-0.01,-2.15,1.328,1.053,0.537,28.02,6.35,2.505,1.371,0.849,-0.01,-2.15,1.248,1.037,0.670,32.87,6.87,2.258,1.257,0.889
batch_test_165,-0.01,-2.14,1.315,1.033,0.503,25.87,10.95,3.031,2.438,0.876,-0.03,-2.14,1.272,1.029,0.583,27.34,11.65,2.791,2.252,0.908
batch_test_166,-0.01,-2.14,1.228,1.032,0.603,28.86,7.89,1.906,1.118,0.872,0.04,-2.11,1.149,1.031,0.721,33.27,8.03,1.599,1.059,0.905
batch_test_167,0.04,-2.12,1.282,1.038,0.554,25.25,8.76,2.797,1.555,0.882,-0.02,-2.14,1.231,1.035,0.640,24.18,9.30,2.640,1.553,0.906
batch_test_168,0.03,-2.11,1.713,1.180,0.559,27.29,7.52,2.438,1.498,0.849,-0.01,-2.13,1.737,1.178,0.625,32.71,7.44,2.281,1.391,0.869
batch_test_169,-0.00,-2.14,1.363,1.082,0.426,29.83,5.88,1.823,1.213,0.741,0.01,-2.13,1.427,1.045,0.536,33.50,5.84,1.655,1.146,0.795
batch_test_170,0.02,-2.10,1.391,1.058,0.609,26.58,7.71,1.948,1.208,0.825,0.01,-2.12,1.382,1.054,0.683,30.73,8.25,1.770,1.135,0.856
batch_test_171,0.03,-2.12,1.597,1.043,0.665,26.45,8.00,2.757,1.600,0.910,-0.02,-2.12,1.407,1.027,0.775,28.75,8.36,2.123,1.264,0.912
batch_test_172,0.02,-2.10,1.618,1.093,0.544,28.87,9.92,2.462,1.622,0.823,0.03,-2.10,1.486,1.093,0.501,31.87,10.13,2.327,1.457,0.712
batch_test_173,0.00,-2.12,1.229,1.024,0.491,25.60,8.09,1.813,1.110,0.801,-0.00,-2.16,1.207,1.023,0.582,29.00,7.95,1.516,1.054,0.828
batch_test_174,-0.05,-2.18,1.227,1.027,0.579,28.06,10.78,3.115,1.722,0.882,0.02,-2.10,1.154,1.023,0.642,25.61,10.85,2.693,1.537,0.907
batch_test_175,0.01,-2.12,1.162,1.024,0.580,38.56,9.34,1.569,1.181,0.776,0.03,-2.11,1.213,1.021,0.594,39.20,9.72,1.566,1.165,0.803
batch_test_176,0.00,-2.15,1.180,1.032,0.553,23.85,7.89,1.831,1.247,0.854,-0.02,-2.12,1.134,1.026,0.682,24.96,8.52,1.602,1.141,0.886
batch_test_177,-0.01,-2.14,1.372,1.048,0.714,28.74,7.50,2.303,1.379,0.915,0.02,-2.10,1.328,1.030,0.813,32.96,8.23,1.967,1.212,0.941
batch_test_178,0.08,-2.06,1.244,1.025,0.580,24.68,8.85,1.778,1.445,0.836,-0.00,-2.13,1.160,1.020,0.734,27.13,9.52,1.650,1.246,0.876
batch_test_179,-0.01,-2.15,1.240,1.024,0.560,24.15,7.96,1.927,1.260,0.809,0.07,-2.06,1.177,1.022,0.679,27.08,8.46,1.622,1.121,0.835
batch_test_180,0.01,-2.12,1.186,1.027,0.450,24.30,9.29,2.346,1.503,0.852,-0.02,-2.13,1.127,1.023,0.567,27.72,10.62,1.998,1.327,0.873
batch_test_181,0.02,-2.12,1.436,1.065,0.531,26.38,6.14,2.315,1.278,0.770,-0.01,-2.13,1.217,1.031,0.503,35.68,7.31,1.743,1.083,0.744
batch_test_182,0.04,-2.09,1.285,1.036,0.618,39.86,8.06,1.778,1.221,0.817,0.02,-2.10,1.239,1.033,0.746,48.17,7.99,1.606,1.133,0.865
batch_test_183,0.01,-2.13,1.282,1.046,0.586,24.61,7.89,1.995,1.350,0.842,-0.02,-2.12,1.259,1.036,0.716,27.73,8.00,1.630,1.132,0.865
batch_test_184,0.01,-2.12,1.512,1.061,0.569,23.01,5.98,2.460,1.398,0.797,-0.03,-2.11,1.329,1.044,0.693,24.29,6.17,2.086,1.206,0.839
batch_test_185,0.01,-2.12,1.499,1.056,0.652,22.79,5.91,2.382,1.221,0.910,-0.01,-2.10,1.441,1.042,0.741,23.82,6.76,2.290,1.174,0.935
batch_test_186,-0.03,-2.16,1.464,1.091,0.407,25.69,10.18,2.282,1.378,0.795,-0.00,-2.12,1.344,1.045,0.425,27.06,11.24,1.997,1.275,0.731
batch_test_187,0.03,-2.07,1.490,1.074,0.548,25.96,7.45,2.032,1.215,0.809,-0.04,-2.15,1.419,1.042,0.598,30.25,7.52,1.797,1.116,0.808
batch_test_188,-0.00,-2.15,1.498,1.063,0.609,25.20,8.43,2.394,1.474,0.867,-0.01,-2.16,1.365,1.054,0.686,29.08,8.73,2.006,1.259,0.875
batch_test_189,0.00,-2.11,1.568,1.114,0.584,27.18,7.94,2.591,1.460,0.885,-0.03,-2.15,1.518,1.080,0.700,26.89,8.34,2.447,1.355,0.919
batch_test_190,-0.01,-2.12,1.472,1.097,0.584,32.19,9.92,2.383,1.535,0.841,-0.02,-2.13,1.433,1.096,0.701,33.97,9.64,2.071,1.330,0.876
batch_test_191,0.04,-2.08,1.445,1.046,0.561,22.40,8.76,2.616,1.478,0.866,0.06,-2.08,1.354,1.034,0.623,25.60,9.86,2.230,1.320,0.871
batch_test_192,-0.02,-2.14,1.307,1.036,0.551,21.38,5.67,1.743,1.122,0.815,-0.00,-2.13,1.225,1.030,0.633,24.00,6.11,1.496,1.056,0.842
batch_test_193,-0.06,-2.17,1.508,1.079,0.535,25.47,6.82,2.258,1.454,0.775,-0.03,-2.16,1.368,1.059,0.663,30.56,7.09,1.996,1.315,0.849
batch_test_194,-0.07,-2.19,1.283,1.043,0.626,34.23,9.70,2.051,1.511,0.859,-0.00,-2.12,1.203,1.022,0.727,39.28,9.81,1.596,1.177,0.865
batch_test_195,-0.00,-2.13,1.360,1.050,0.530,30.23,8.50,2.077,1.266,0.807,0.01,-2.12,1.264,1.040,0.645,30.15,8.47,1.806,1.129,0.825
batch_test_196,0.01,-2.11,1.591,1.044,0.644,28.31,6.22,2.553,1.358,0.879,-0.02,-2.13,1.457,1.034,0.755,31.41,6.76,2.155,1.194,0.902
batch_test_197,0.06,-2.08,1.405,1.054,0.619,37.28,8.22,1.845,1.216,0.789,0.01,-2.10,1.285,1.034,0.649,41.23,9.01,1.601,1.106,0.795
batch_test_198,0.01,-2.12,1.398,1.049,0.604,24.14,5.43,1.928,1.117,0.858,0.01,-2.13,1.365,1.050,0.715,27.04,6.26,1.659,1.074,0.906
batch_test_199,0.04,-2.11,1.454,1.069,0.549,27.36,6.36,2.289,1.102,0.836,0.03,-2.13,1.334,1.040,0.670,31.70,6.77,2.081,1.177,0.872
batch_test_200,0.01,-2.13,1.236,1.070,0.478,32.91,10.80,1.847,1.287,0.793,0.01,-2.10,1.241,1.058,0.586,34.36,11.08,1.573,1.135,0.822
batch_test_201,-0.02,-2.12,1.453,1.049,0.525,28.92,6.76,2.471,1.215,0.802,-0.01,-2.12,1.353,1.037,0.600,31.69,7.07,2.181,1.157,0.844
batch_test_202,0.05,-2.06,1.135,1.040,0.518,29.06,8.23,1.758,1.155,0.732,0.07,-2.07,1.114,1.064,0.608,36.15,8.19,1.562,1.080,0.764
batch_test_203,0.03,-2.11,1.386,1.042,0.565,29.64,7.28,2.747,1.482,0.863,0.01,-2.12,1.314,1.032,0.614,30.22,7.65,2.452,1.318,0.870
batch_test_204,-0.02,-2.14,1.358,1.075,0.517,27.69,8.32,2.478,1.614,0.868,0.04,-2.10,1.272,1.044,0.608,29.42,8.56,2.102,1.346,0.875
batch_test_205,0.00,-2.12,1.327,1.032,0.567,31.03,11.56,2.778,1.780,0.861,-0.02,-2.13,1.193,1.026,0.633,38.02,12.37,2.223,1.430,0.856
batch_test_206,-0.03,-2.15,1.395,1.066,0.563,28.47,6.87,2.099,1.310,0.798,-0.01,-2.12,1.383,1.056,0.645,32.14,7.14,1.932,1.214,0.817
batch_test_207,-0.06,-2.15,1.682,1.183,0.395,22.51,7.65,2.183,1.434,0.722,0.03,-2.12,1.531,1.136,0.469,27.75,7.86,1.987,1.283,0.702
batch_test_208,0.01,-2.14,1.538,1.113,0.365,32.06,8.15,2.139,1.424,0.739,0.02,-2.10,1.554,1.113,0.421,34.49,7.47,2.001,1.335,0.744
batch_test_209,0.02,-2.13,1.421,1.073,0.612,40.90,8.35,2.078,1.133,0.859,0.01,-2.14,1.356,1.057,0.684,46.25,8.06,1.756,1.077,0.874
batch_test_210,0.01,-2.12,1.320,1.037,0.467,24.87,5.96,2.069,1.166,0.797,-0.03,-2.12,1.275,1.031,0.559,26.63,6.38,1.927,1.104,0.832
batch_test_211,-0.00,-2.13,1.445,1.059,0.450,25.78,7.60,1.942,1.283,0.778,-0.04,-2.13,1.388,1.042,0.551,30.36,7.93,1.894,1.208,0.807
batch_test_212,0.01,-2.12,1.361,1.050,0.602,31.87,9.11,2.165,1.337,0.832,-0.01,-2.14,1.286,1.044,0.694,35.09,9.22,1.864,1.157,0.867
batch_test_213,-0.01,-2.14,1.480,1.078,0.686,44.75,11.87,2.801,2.220,0.882,-0.03,-2.16,1.349,1.057,0.741,54.00,12.51,2.365,1.833,0.905
batch_test_214,-0.03,-2.16,2.229,1.419,0.426,33.45,6.19,2.170,1.313,0.773,-0.02,-2.12,1.242,1.058,0.498,33.24,6.74,1.757,1.091,0.807
batch_test_215,0.01,-2.14,1.269,1.038,0.621,29.46,8.51,2.394,1.513,0.869,-0.01,-2.13,1.204,1.033,0.686,29.08,9.02,2.156,1.361,0.894
batch_test_216,0.02,-2.12,1.345,1.060,0.545,26.10,7.23,2.181,1.226,0.880,0.01,-2.13,1.221,1.032,0.639,27.23,7.45,2.005,1.155,0.900
batch_test_217,0.03,-2.10,1.632,1.094,0.554,29.24,8.57,1.942,1.278,0.788,0.01,-2.12,1.484,1.074,0.644,31.24,8.67,1.741,1.134,0.818
batch_test_218,-0.02,-2.13,1.286,1.038,0.490,25.87,9.21,1.888,1.272,0.751,0.01,-2.13,1.322,1.032,0.569,32.58,9.49,1.701,1.176,0.774
batch_test_219,-0.02,-2.15,1.270,1.036,0.544,28.04,8.69,2.027,1.247,0.802,0.03,-2.10,1.189,1.028,0.622,28.09,9.13,1.825,1.178,0.846
batch_test_220,-0.00,-2.11,1.396,1.071,0.650,25.82,7.09,2.458,1.466,0.843,0.04,-2.08,1.342,1.073,0.675,30.86,7.10,2.064,1.231,0.842
batch_test_221,0.06,-2.05,1.502,1.075,0.561,24.01,8.13,2.410,1.625,0.875,0.01,-2.12,1.432,1.059,0.670,28.01,7.98,2.184,1.349,0.898
batch_test_222,-0.00,-2.12,1.443,1.077,0.536,28.58,7.68,2.472,1.374,0.758,-0.03,-2.15,1.450,1.059,0.585,30.62,7.67,2.175,1.228,0.776
batch_test_223,0.03,-2.08,1.496,1.048,0.479,25.51,5.94,2.698,1.401,0.823,-0.02,-2.13,1.385,1.036,0.565,26.50,6.02,2.290,1.250,0.846
batch_test_224,0.01,-2.13,1.418,1.039,0.656,41.79,13.68,2.300,1.810,0.815,0.01,-2.13,1.314,1.037,0.673,42.99,12.94,1.813,1.361,0.815
batch_test_225,-0.00,-2.13,1.409,1.079,0.565,25.57,8.18,2.128,1.366,0.846,-0.02,-2.17,1.340,1.064,0.670,32.88,8.08,1.914,1.229,0.865
batch_test_226,-0.02,-2.14,1.241,1.028,0.544,23.95,8.12,1.694,1.178,0.799,-0.01,-2.14,1.177,1.023,0.651,28.14,8.74,1.461,1.077,0.833
batch_test_227,-0.02,-2.14,1.474,1.048,0.577,32.42,9.66,2.555,1.614,0.859,0.01,-2.13,1.400,1.041,0.721,38.74,9.87,2.144,1.368,0.905
batch_test_228,-0.05,-2.16,1.398,1.083,0.546,32.19,9.80,2.240,1.461,0.848,-0.01,-2.15,1.397,1.065,0.693,36.61,9.82,2.083,1.185,0.876
batch_test_229,-0.02,-2.16,1.239,1.060,0.529,24.25,6.98,1.848,1.336,0.810,0.00,-2.13,1.181,1.035,0.639,27.16,7.12,1.572,1.166,0.854
batch_test_230,0.00,-2.12,1.240,1.031,0.598,31.05,7.45,2.044,1.251,0.853,-0.02,-2.15,1.190,1.026,0.681,34.59,7.80,1.797,1.152,0.874
batch_test_231,-0.00,-2.11,1.301,1.049,0.561,31.23,10.25,2.605,1.769,0.897,0.03,-2.10,1.220,1.034,0.660,32.68,10.30,2.186,1.493,0.913
batch_test_232,-0.06,-2.18,1.289,1.039,0.438,28.46,6.42,2.049,1.221,0.752,-0.08,-2.18,1.175,1.023,0.554,31.08,6.64,1.699,1.090,0.799
batch_test_233,0.00,-2.13,1.430,1.047,0.532,22.80,5.52,2.592,1.114,0.859,-0.00,-2.12,1.318,1.034,0.631,24.86,6.24,2.218,1.069,0.887
batch_test_234,0.02,-2.08,1.201,1.031,0.502,25.83,8.27,1.769,1.255,0.827,0.03,-2.09,1.122,1.021,0.655,33.18,8.58,1.542,1.130,0.864
batch_test_235,-0.00,-2.13,1.461,1.099,0.571,26.45,8.06,2.237,1.434,0.775,-0.02,-2.13,1.422,1.076,0.585,28.82,8.45,1.938,1.218,0.727
batch_test_236,-0.01,-2.16,1.417,1.062,0.601,26.56,6.96,2.117,1.344,0.875,0.00,-2.11,1.306,1.039,0.730,29.54,7.54,1.804,1.184,0.906
batch_test_237,-0.01,-2.14,1.240,1.031,0.514,30.43,8.07,1.714,1.271,0.797,-0.01,-2.15,1.166,1.022,0.600,35.99,8.59,1.537,1.145,0.838
batch_test_238,0.04,-2.16,1.268,1.055,0.532,28.74,6.86,2.044,1.348,0.824,0.01,-2.12,1.184,1.040,0.624,29.91,7.57,1.747,1.146,0.842
batch_test_239,-0.01,-2.15,1.258,1.035,0.582,28.06,7.36,2.021,1.290,0.842,0.03,-2.11,1.188,1.030,0.674,32.27,7.69,1.700,1.137,0.881
batch_test_240,-0.01,-2.14,1.838,1.195,0.538,30.39,10.81,2.918,1.751,0.787,0.08,-2.06,1.695,1.152,0.530,38.63,10.97,2.692,1.525,0.694
batch_test_241,-0.01,-2.14,1.418,1.036,0.696,43.86,9.98,2.608,1.711,0.919,-0.00,-2.12,1.351,1.030,0.800,47.67,10.95,2.361,1.545,0.942
batch_test_242,0.01,-2.11,1.280,1.031,0.487,26.62,7.99,1.834,1.197,0.811,0.03,-2.08,1.202,1.025,0.634,28.48,8.17,1.544,1.088,0.854
batch_test_243,0.02,-2.13,1.185,1.061,0.534,24.33,6.97,2.068,1.190,0.852,-0.01,-2.13,1.275,1.082,0.671,27.06,7.19,1.730,1.106,0.881
batch_test_244,-0.01,-2.14,1.289,1.044,0.469,30.38,8.52,1.884,1.188,0.717,-0.01,-2.14,1.265,1.038,0.475,32.52,8.50,1.653,1.081,0.691
batch_test_245,-0.09,-2.18,1.532,1.048,0.558,19.39,8.79,2.653,1.698,0.876,-0.05,-2.16,1.395,1.041,0.706,23.88,9.28,2.195,1.338,0.902
batch_test_246,-0.04,-2.16,1.300,1.146,0.599,26.63,7.36,2.012,1.265,0.831,0.02,-2.13,1.360,1.044,0.684,33.07,7.69,1.649,1.098,0.857
batch_test_247,-0.01,-2.13,1.375,1.067,0.429,28.33,7.26,2.038,1.300,0.715,-0.03,-2.17,1.302,1.061,0.464,33.48,6.84,1.894,1.204,0.713
batch_test_248,0.03,-2.10,1.387,1.066,0.573,30.16,6.55,2.318,1.369,0.854,0.01,-2.12,1.345,1.040,0.647,32.04,6.53,1.972,1.183,0.878
batch_test_249,0.00,-2.14,1.442,1.077,0.648,28.70,9.66,2.336,1.566,0.883,0.00,-2.12,1.355,1.061,0.769,30.56,9.68,2.085,1.301,0.903
batch_test_250,0.02,-2.13,1.314,1.043,0.509,34.25,6.37,1.739,1.080,0.778,0.01,-2.12,1.310,1.043,0.582,41.23,7.02,1.606,1.049,0.811
batch_test_251,0.00,-2.13,1.287,1.054,0.627,30.95,8.03,1.899,1.236,0.862,0.02,-2.10,1.221,1.036,0.721,31.98,7.81,1.654,1.134,0.887
batch_test_252,0.00,-2.14,1.308,1.040,0.566,30.04,9.30,2.431,1.497,0.849,0.01,-2.12,1.241,1.040,0.623,32.09,9.74,2.093,1.364,0.827
batch_test_253,-0.02,-2.15,1.277,1.027,0.655,63.42,9.21,1.587,1.256,0.801,-0.00,-2.13,1.156,1.021,0.747,68.75,9.66,1.455,1.145,0.849
batch_test_254,0.01,-2.12,1.303,1.041,0.610,26.18,7.06,1.930,1.221,0.852,-0.00,-2.14,1.202,1.025,0.780,33.26,7.78,1.637,1.102,0.900
batch_test_255,-0.03,-2.16,1.402,1.063,0.471,23.46,7.03,2.056,1.271,0.791,-0.03,-2.13,1.360,1.051,0.544,25.58,7.05,1.809,1.167,0.791
batch_test_256,0.01,-2.12,1.253,1.040,0.522,28.40,10.75,2.361,1.603,0.847,0.02,-2.12,1.208,1.030,0.620,31.41,10.98,2.153,1.482,0.874
batch_test_257,-0.03,-2.14,1.509,1.069,0.611,30.23,9.06,2.047,1.406,0.852,0.01,-2.13,1.301,1.046,0.720,35.93,9.22,1.876,1.262,0.884
batch_test_258,-0.02,-2.18,1.330,1.028,0.647,32.52,6.52,2.067,1.220,0.873,0.06,-2.07,1.255,1.016,0.728,30.53,6.63,1.794,1.111,0.905
batch_test_259,0.02,-2.14,1.382,1.078,0.559,26.30,7.07,2.102,1.383,0.780,-0.03,-2.18,1.350,1.061,0.638,27.97,7.12,1.870,1.224,0.803
batch_test_260,-0.04,-2.18,1.381,1.024,0.542,21.31,7.85,2.291,1.513,0.866,0.06,-2.10,1.230,1.021,0.692,26.55,9.27,1.990,1.268,0.904
batch_test_261,0.00,-2.12,1.457,1.081,0.560,30.72,6.75,2.093,1.236,0.838,0.01,-2.12,1.269,1.062,0.585,32.65,6.68,1.915,1.177,0.805
batch_test_262,0.00,-2.12,1.231,1.046,0.564,27.65,9.44,2.552,1.681,0.850,-0.01,-2.15,1.175,1.039,0.639,28.36,9.94,2.296,1.513,0.874
batch_test_263,-0.01,-2.13,1.416,1.038,0.440,28.14,8.22,2.115,1.444,0.805,0.00,-2.13,1.409,1.034,0.557,32.57,8.22,1.954,1.341,0.837
batch_test_264,0.05,-2.15,1.450,1.038,0.577,27.03,6.86,2.410,1.372,0.873,-0.03,-2.15,1.465,1.052,0.689,29.01,7.13,1.921,1.204,0.901
batch_test_265,-0.03,-2.17,1.463,1.057,0.653,25.74,6.98,2.342,1.332,0.905,0.00,-2.11,1.355,1.041,0.720,27.40,7.73,2.149,1.272,0.925
batch_test_266,-0.01,-2.13,1.200,1.032,0.548,24.35,8.72,1.979,1.315,0.811,0.02,-2.10,1.146,1.025,0.620,28.63,9.35,1.696,1.187,0.842
batch_test_267,-0.01,-2.14,1.402,1.086,0.354,26.82,10.94,2.765,1.579,0.751,-0.00,-2.14,1.366,1.085,0.409,29.02,12.16,2.447,1.124,0.752
batch_test_268,0.01,-2.12,1.480,1.063,0.680,39.75,11.75,3.236,2.401,0.920,0.01,-2.12,1.396,1.045,0.781,44.84,12.25,2.823,2.073,0.944
batch_test_269,0.00,-2.11,1.212,1.032,0.501,20.06,8.48,2.698,1.743,0.876,-0.02,-2.14,1.151,1.025,0.644,23.84,9.98,2.380,1.533,0.920
batch_test_270,-0.01,-2.13,1.237,1.036,0.561,25.64,8.49,1.838,1.280,0.820,0.02,-2.09,1.160,1.030,0.655,27.01,8.96,1.626,1.171,0.847
batch_test_271,0.01,-2.12,1.357,1.057,0.745,47.00,7.20,1.779,1.151,0.872,-0.00,-2.12,1.381,1.063,0.782,57.00,7.65,1.528,1.070,0.886
batch_test_272,0.02,-2.12,1.344,1.035,0.698,29.26,6.96,1.756,1.264,0.841,0.04,-2.11,1.244,1.031,0.795,31.63,6.81,1.500,1.100,0.877
batch_test_273,0.02,-2.11,1.480,1.148,0.615,37.40,8.26,2.204,1.552,0.774,-0.02,-2.14,1.426,1.118,0.636,37.17,7.86,2.012,1.385,0.790
batch_test_274,-0.02,-2.13,1.577,1.112,0.516,23.21,8.01,2.192,1.441,0.812,-0.04,-2.16,1.485,1.082,0.652,28.73,8.20,2.036,1.369,0.876
batch_test_275,0.01,-2.13,1.210,1.028,0.561,27.16,7.94,1.996,1.261,0.833,0.02,-2.09,1.132,1.022,0.684,28.58,8.29,1.600,1.116,0.880
batch_test_276,0.02,-2.13,1.327,1.044,0.475,28.69,8.12,1.870,1.134,0.823,0.02,-2.13,1.189,1.026,0.556,30.90,8.49,1.522,1.060,0.834
batch_test_277,-0.01,-2.19,1.323,1.037,0.475,21.38,6.84,1.979,1.152,0.832,0.05,-2.10,1.186,1.029,0.597,21.70,7.48,1.732,1.089,0.866
batch_test_278,0.00,-2.13,1.340,1.045,0.638,53.42,10.66,2.003,1.445,0.858,0.04,-2.10,1.243,1.036,0.724,54.76,10.48,1.872,1.239,0.885
batch_test_279,0.01,-2.13,1.352,1.040,0.511,27.67,6.92,2.264,1.181,0.848,-0.06,-2.20,1.224,1.031,0.623,30.94,7.26,1.894,1.098,0.884
batch_test_280,-0.00,-2.13,1.408,1.031,0.631,25.37,7.92,2.046,1.364,0.859,0.04,-2.10,1.357,1.044,0.732,28.79,8.49,1.874,1.210,0.885
batch_test_281,0.00,-2.10,1.342,1.027,0.618,28.23,8.53,2.176,1.461,0.869,0.03,-2.11,1.288,1.026,0.748,32.80,8.77,1.866,1.267,0.902
batch_test_282,0.04,-2.11,1.979,1.193,0.487,31.90,7.94,2.183,1.200,0.784,-0.01,-2.15,1.375,1.041,0.566,34.92,7.85,1.894,1.123,0.792
batch_test_283,-0.00,-2.11,1.361,1.028,0.613,29.60,8.67,2.111,1.276,0.841,0.01,-2.12,1.269,1.025,0.731,33.02,8.26,1.729,1.104,0.867
batch_test_284,0.01,-2.14,1.349,1.139,0.594,27.63,7.76,2.249,1.326,0.864,0.01,-2.13,1.237,1.098,0.717,29.68,8.36,1.858,1.186,0.895
batch_test_285,-0.01,-2.14,1.369,1.058,0.585,29.57,6.18,2.393,1.292,0.865,0.04,-2.11,1.300,1.038,0.685,33.37,6.43,1.969,1.131,0.895
batch_test_286,0.02,-2.12,1.541,1.025,0.522,26.95,8.93,1.635,1.211,0.773,0.01,-2.11,1.128,1.024,0.578,29.05,9.05,1.499,1.126,0.761
batch_test_287,0.02,-2.12,1.291,1.041,0.606,27.26,6.93,1.948,1.170,0.859,0.02,-2.12,1.209,1.030,0.653,30.90,7.33,1.589,1.084,0.852
batch_test_288,0.01,-2.11,1.246,1.022,0.499,25.00,8.01,1.706,1.139,0.762,0.01,-2.10,1.210,1.022,0.577,27.20,8.65,1.512,1.086,0.784
batch_test_289,-0.03,-2.15,1.225,1.025,0.524,26.81,7.85,1.933,1.173,0.853,-0.08,-2.21,1.177,1.022,0.669,29.93,8.05,1.653,1.089,0.868
batch_test_290,0.00,-2.13,1.428,1.112,0.500,30.94,8.33,2.252,1.425,0.794,-0.02,-2.14,1.253,1.053,0.587,36.27,8.68,2.033,1.293,0.823
batch_test_291,-0.02,-2.14,1.516,1.125,0.689,44.72,7.45,2.173,1.282,0.858,-0.03,-2.14,1.426,1.050,0.753,50.95,7.64,1.853,1.178,0.895
batch_test_292,0.01,-2.13,1.288,1.026,0.534,22.74,7.76,1.806,1.198,0.804,-0.06,-2.19,1.173,1.023,0.651,26.01,8.24,1.607,1.135,0.855
batch_test_293,-0.05,-2.15,1.468,1.127,0.598,29.58,7.79,2.288,1.569,0.836,-0.07,-2.20,1.348,1.084,0.710,34.40,7.58,2.047,1.311,0.883
batch_test_294,0.01,-2.12,1.395,1.031,0.624,24.07,5.69,2.133,1.210,0.871,0.01,-2.14,1.251,1.023,0.699,26.64,6.19,1.842,1.105,0.886
batch_test_295,-0.04,-2.17,1.353,1.036,0.606,58.17,5.31,1.730,1.119,0.723,-0.03,-2.15,1.269,1.023,0.669,60.54,5.99,1.638,1.043,0.775
batch_test_296,-0.02,-2.17,1.419,1.096,0.647,32.09,8.75,2.124,1.416,0.843,-0.04,-2.15,1.299,1.076,0.696,31.11,9.13,1.980,1.317,0.860
batch_test_297,0.02,-2.14,1.332,1.040,0.564,19.95,5.92,1.974,1.251,0.824,-0.02,-2.16,1.234,1.029,0.673,21.48,5.97,1.667,1.117,0.848
batch_test_298,-0.02,-2.14,1.555,1.043,0.600,23.90,4.98,1.927,1.123,0.829,0.02,-2.12,1.385,1.027,0.734,22.93,5.26,1.708,1.076,0.883
batch_test_299,0.01,-2.14,1.342,1.034,0.564,29.04,6.83,2.338,1.251,0.846,-0.02,-2.15,1.299,1.029,0.634,32.41,7.00,2.118,1.168,0.858
batch_test_300,-0.00,-2.13,1.398,1.042,0.617,30.25,6.93,2.760,1.343,0.916,-0.04,-2.17,1.353,1.031,0.699,32.84,7.37,2.445,1.236,0.930
batch_test_301,-0.00,-2.16,1.296,1.053,0.658,25.65,7.30,1.970,1.282,0.859,-0.02,-2.15,1.204,1.039,0.753,28.32,8.10,1.845,1.162,0.883
batch_test_302,-0.03,-2.17,1.235,1.050,0.523,34.49,7.97,1.649,1.101,0.777,0.02,-2.11,1.150,1.041,0.577,39.94,8.35,1.410,1.052,0.783
batch_test_303,0.00,-2.13,1.316,1.038,0.536,27.12,5.99,2.025,1.273,0.818,-0.01,-2.14,1.209,1.023,0.655,29.45,6.42,1.829,1.156,0.846
batch_test_304,-0.01,-2.14,1.309,1.041,0.533,23.57,7.93,1.886,1.205,0.793,0.02,-2.12,1.252,1.034,0.606,27.94,8.30,1.721,1.128,0.817
batch_test_305,-0.00,-2.16,1.296,1.037,0.555,24.22,6.19,1.705,1.135,0.828,0.01,-2.13,1.213,1.028,0.648,25.54,6.58,1.548,1.073,0.852
batch_test_306,-0.02,-2.14,1.391,1.039,0.674,28.13,8.27,2.921,1.549,0.926,-0.01,-2.15,1.268,1.032,0.815,34.81,9.21,2.417,1.384,0.948
batch_test_307,0.02,-2.09,1.586,1.090,0.645,21.98,7.18,2.296,1.361,0.896,0.00,-2.12,1.444,1.062,0.739,27.08,7.42,2.007,1.232,0.920
batch_test_308,-0.01,-2.13,1.345,1.025,0.566,24.03,6.45,2.228,1.111,0.855,-0.00,-2.13,1.208,1.022,0.625,27.31,7.25,1.980,1.113,0.862
batch_test_309,0.02,-2.10,1.316,1.039,0.573,23.19,6.41,2.243,1.131,0.883,0.04,-2.10,1.243,1.035,0.704,25.59,7.20,2.032,1.110,0.916
batch_test_310,-0.00,-2.11,1.304,1.036,0.602,21.88,7.49,2.365,1.388,0.889,0.04,-2.09,1.205,1.036,0.711,26.09,8.41,2.151,1.288,0.916
batch_test_311,0.00,-2.12,1.267,1.054,0.574,25.92,8.18,1.735,1.242,0.793,-0.05,-2.17,1.235,1.042,0.693,30.71,8.52,1.492,1.103,0.845
batch_test_312,0.02,-2.12,1.331,1.057,0.520,31.67,8.60,2.018,1.268,0.778,0.00,-2.12,1.206,1.043,0.546,38.66,8.85,1.746,1.172,0.779
batch_test_313,-0.01,-2.14,1.547,1.118,0.542,29.50,9.73,2.526,1.622,0.845,0.00,-2.13,1.476,1.092,0.616,30.85,9.84,2.402,1.502,0.866
batch_test_314,0.02,-2.10,1.342,1.066,0.558,26.92,7.29,2.152,1.361,0.848,-0.02,-2.12,1.303,1.046,0.610,31.34,7.28,1.923,1.158,0.846
batch_test_315,0.02,-2.11,1.206,1.037,0.584,26.75,8.91,1.760,1.223,0.846,-0.01,-2.13,1.129,1.030,0.664,30.60,9.67,1.468,1.087,0.865
batch_test_316,-0.03,-2.12,1.889,1.133,0.681,27.62,8.28,2.532,1.446,0.888,-0.03,-2.14,1.786,1.112,0.641,29.57,8.47,2.317,1.295,0.770
batch_test_317,0.01,-2.12,1.216,1.027,0.493,26.95,8.60,2.154,1.392,0.852,-0.02,-2.15,1.151,1.020,0.595,31.16,9.47,1.989,1.259,0.882
batch_test_318,0.04,-2.11,1.231,1.023,0.593,20.01,8.23,2.603,1.534,0.900,-0.01,-2.13,1.157,1.022,0.716,23.81,9.65,2.299,1.436,0.925
batch_test_319,0.03,-2.09,1.477,1.056,0.626,22.58,8.32,3.061,1.981,0.915,0.01,-2.13,1.370,1.040,0.745,26.95,9.46,2.538,1.666,0.947
batch_test_320,0.02,-2.11,1.472,1.096,0.646,30.59,11.02,2.954,2.118,0.934,-0.05,-2.16,1.291,1.052,0.753,35.47,11.56,2.319,1.660,0.942
batch_test_321,0.02,-2.12,1.381,1.045,0.595,22.10,6.55,1.933,1.205,0.808,-0.01,-2.12,1.280,1.036,0.694,22.63,6.65,1.672,1.103,0.852
batch_test_322,-0.01,-2.14,1.381,1.048,0.452,30.02,9.78,2.454,1.725,0.802,-0.01,-2.15,1.309,1.035,0.566,33.04,9.46,2.111,1.424,0.835
batch_test_323,0.07,-2.08,1.744,1.106,0.546,27.84,8.68,2.163,1.303,0.793,-0.03,-2.13,1.584,1.071,0.492,28.65,8.69,1.944,1.171,0.682
batch_test_324,0.04,-2.09,1.326,1.078,0.499,28.18,6.66,2.242,1.354,0.810,0.00,-2.14,1.336,1.057,0.571,32.99,6.86,1.947,1.184,0.802
batch_test_325,0.04,-2.09,1.349,1.040,0.486,22.67,5.95,2.296,1.128,0.778,-0.00,-2.12,1.328,1.031,0.548,23.25,6.24,2.099,1.098,0.784
batch_test_326,0.02,-2.11,1.488,1.059,0.560,26.10,7.97,2.404,1.517,0.850,0.00,-2.11,1.462,1.043,0.580,28.34,8.67,2.206,1.354,0.816
batch_test_327,-0.03,-2.16,1.286,1.040,0.580,24.89,7.55,1.939,1.258,0.827,-0.05,-2.18,1.211,1.028,0.681,27.55,7.74,1.734,1.144,0.867
batch_test_328,-0.02,-2.14,1.467,1.058,0.606,26.48,6.93,2.380,1.306,0.879,0.07,-2.10,1.350,1.043,0.607,31.72,6.96,2.001,1.164,0.787
batch_test_329,-0.07,-2.17,1.228,1.042,0.554,24.05,7.71,1.869,1.282,0.848,0.08,-2.04,1.143,1.027,0.692,28.81,8.47,1.524,1.105,0.891
batch_test_330,0.02,-2.10,1.338,1.056,0.625,22.39,6.79,2.004,1.306,0.838,0.05,-2.10,1.231,1.031,0.682,27.92,7.19,1.674,1.136,0.875
batch_test_331,0.01,-2.12,1.378,1.066,0.541,29.30,7.64,2.281,1.304,0.847,-0.01,-2.15,1.294,1.046,0.622,35.06,7.90,2.034,1.169,0.862
batch_test_332,0.01,-2.13,1.272,1.054,0.545,24.03,6.42,2.083,1.306,0.829,0.00,-2.14,1.314,1.036,0.602,29.24,6.59,1.773,1.144,0.843
batch_test_333,0.03,-2.11,1.293,1.034,0.569,28.85,8.05,2.121,1.511,0.822,-0.05,-2.18,1.241,1.030,0.681,34.52,8.09,1.845,1.273,0.864
batch_test_334,0.05,-2.08,1.336,1.047,0.517,25.96,7.71,2.168,1.391,0.848,0.00,-2.13,1.297,1.038,0.640,27.03,8.06,2.054,1.281,0.898
batch_test_335,0.02,-2.12,1.353,1.051,0.565,26.92,7.56,2.052,1.220,0.820,-0.03,-2.14,1.222,1.037,0.674,31.12,7.73,1.649,1.098,0.852
batch_test_336,0.04,-2.06,1.316,1.042,0.567,23.22,6.87,2.021,1.172,0.829,-0.01,-2.16,1.284,1.038,0.635,29.66,7.13,1.764,1.116,0.825
batch_test_337,-0.01,-2.12,1.409,1.043,0.651,30.55,9.16,2.270,1.535,0.861,-0.01,-2.14,1.301,1.022,0.748,32.05,9.65,2.056,1.397,0.896
batch_test_338,0.05,-2.07,1.551,1.115,0.730,24.03,7.77,2.157,1.292,0.903,0.05,-2.07,1.241,1.062,0.818,28.09,8.22,1.807,1.141,0.937
batch_test_339,0.00,-2.14,1.222,1.049,0.535,30.29,9.13,1.850,1.203,0.834,0.08,-2.08,1.239,1.030,0.671,32.95,9.45,1.627,1.129,0.867
batch_test_340,0.04,-2.07,1.439,1.091,0.583,24.06,8.79,2.192,1.516,0.853,0.05,-2.10,1.320,1.051,0.509,31.15,8.88,1.898,1.213,0.721
batch_test_341,-0.00,-2.12,1.378,1.039,0.585,22.28,6.77,2.651,1.466,0.879,-0.03,-2.17,1.307,1.029,0.672,25.75,7.33,2.484,1.337,0.907
batch_test_342,0.06,-2.09,1.175,1.027,0.561,27.96,7.53,1.879,1.223,0.833,-0.02,-2.15,1.167,1.023,0.655,28.90,7.55,1.615,1.101,0.860
batch_test_343,-0.02,-2.14,1.319,1.030,0.573,24.78,8.40,2.094,1.304,0.857,0.03,-2.09,1.208,1.025,0.683,28.80,8.91,1.749,1.160,0.885
batch_test_344,0.01,-2.11,1.268,1.040,0.583,30.81,8.63,2.326,1.454,0.863,-0.00,-2.13,1.200,1.033,0.655,35.01,9.03,2.015,1.279,0.873
batch_test_345,0.01,-2.09,1.196,1.065,0.468,22.29,7.64,1.996,1.304,0.815,0.01,-2.09,1.150,1.040,0.572,26.23,8.13,1.645,1.135,0.847
batch_test_346,-0.02,-2.14,1.254,1.031,0.527,26.10,8.48,2.322,1.552,0.835,-0.02,-2.12,1.173,1.025,0.679,27.33,8.95,1.996,1.338,0.881
batch_test_347,-0.02,-2.14,1.347,1.068,0.568,26.24,6.46,1.996,1.271,0.824,-0.02,-2.14,1.302,1.042,0.655,29.17,6.67,1.764,1.132,0.852
batch_test_348,-0.00,-2.12,1.499,1.070,0.467,28.70,8.37,2.173,1.596,0.827,0.00,-2.14,1.447,1.060,0.596,29.99,8.12,1.971,1.351,0.868
batch_test_349,-0.02,-2.16,1.666,1.099,0.477,26.50,8.00,2.426,1.585,0.828,-0.03,-2.16,1.567,1.075,0.616,28.97,8.08,2.259,1.316,0.871
batch_test_350,0.02,-2.09,1.364,1.023,0.517,27.32,6.77,1.826,1.166,0.740,-0.02,-2.15,1.243,1.016,0.596,31.53,6.42,1.491,1.064,0.740
batch_test_351,-0.05,-2.15,1.350,1.031,0.572,22.31,9.45,3.176,2.624,0.900,0.01,-2.11,1.268,1.024,0.686,24.92,10.45,2.713,2.124,0.926
batch_test_352,0.03,-2.09,1.332,1.043,0.472,30.04,9.67,1.679,1.167,0.777,0.03,-2.09,1.210,1.050,0.583,32.81,10.13,1.492,1.093,0.802
batch_test_353,-0.02,-2.13,1.543,1.050,0.543,25.51,7.25,2.899,1.499,0.869,-0.05,-2.20,1.515,1.041,0.637,30.64,7.33,2.466,1.301,0.883
batch_test_354,-0.02,-2.15,1.235,1.027,0.519,26.61,7.51,2.232,1.159,0.855,0.06,-2.08,1.196,1.022,0.635,33.42,8.60,1.972,1.098,0.887
batch_test_355,-0.03,-2.16,1.452,1.122,0.675,26.30,7.47,2.146,1.405,0.896,0.04,-2.13,1.300,1.081,0.734,30.62,7.69,1.779,1.224,0.901
batch_test_356,0.01,-2.12,1.367,1.061,0.550,29.10,8.81,2.778,1.494,0.872,0.01,-2.14,1.251,1.039,0.656,32.23,9.17,2.383,1.340,0.897
batch_test_357,0.02,-2.15,1.451,1.127,0.545,26.08,6.55,2.511,1.653,0.817,-0.01,-2.16,1.348,1.075,0.673,27.09,6.89,2.205,1.328,0.859
batch_test_358,0.02,-2.11,1.325,1.042,0.586,22.74,7.15,2.010,1.283,0.870,0.03,-2.12,1.224,1.035,0.661,26.48,7.75,1.803,1.163,0.888
batch_test_359,0.00,-2.13,1.334,1.038,0.609,27.03,5.89,1.538,1.063,0.803,0.00,-2.09,1.241,1.029,0.691,25.83,5.98,1.404,1.041,0.841
batch_test_360,-0.06,-2.19,1.427,1.063,0.667,26.25,8.92,2.049,1.473,0.909,-0.01,-2.12,1.365,1.048,0.784,30.66,9.45,1.922,1.234,0.927
batch_test_361,-0.00,-2.13,1.247,1.041,0.573,26.79,6.61,2.060,1.082,0.870,-0.00,-2.13,1.135,1.028,0.678,29.19,7.46,1.682,1.047,0.900
batch_test_362,0.00,-2.13,1.497,1.054,0.594,26.88,7.89,2.304,1.254,0.844,0.02,-2.16,1.444,1.049,0.719,33.03,7.61,2.024,1.217,0.882
batch_test_363,0.04,-2.11,1.311,1.058,0.539,31.53,9.16,2.130,1.265,0.861,-0.01,-2.13,1.170,1.046,0.617,35.68,9.73,1.751,1.139,0.859
batch_test_364,0.01,-2.13,1.404,1.104,0.567,34.00,11.06,2.157,1.468,0.771,0.01,-2.11,1.424,1.086,0.604,37.32,10.59,1.985,1.341,0.786
batch_test_365,0.01,-2.13,1.389,1.059,0.633,25.56,7.13,2.348,1.309,0.876,-0.01,-2.17,1.258,1.040,0.727,27.73,7.77,1.918,1.158,0.910
batch_test_366,0.04,-2.11,1.426,1.084,0.409,27.18,8.15,1.939,1.272,0.743,-0.02,-2.16,1.393,1.057,0.473,32.17,7.84,1.677,1.143,0.745
batch_test_367,0.04,-2.10,1.363,1.024,0.512,31.90,9.79,2.582,1.550,0.812,-0.03,-2.16,1.326,1.021,0.631,34.08,9.94,2.241,1.462,0.855
batch_test_368,-0.02,-2.14,1.193,1.180,0.507,31.54,7.32,1.750,1.123,0.758,0.01,-2.15,1.203,1.035,0.600,35.99,7.35,1.575,1.085,0.794
batch_test_369,-0.02,-2.13,1.385,1.112,0.583,28.92,7.99,1.629,1.093,0.803,0.03,-2.12,1.420,1.169,0.678,34.59,8.31,1.388,1.052,0.856
batch_test_370,0.00,-2.12,1.453,1.037,0.563,21.98,5.59,2.111,1.150,0.853,0.01,-2.10,1.413,1.021,0.631,24.33,5.94,1.914,1.088,0.846
batch_test_371,-0.01,-2.14,1.489,1.095,0.562,24.43,9.57,2.838,1.600,0.909,-0.00,-2.14,1.304,1.056,0.636,24.98,10.04,2.327,1.317,0.870
batch_test_372,0.05,-2.09,1.345,1.052,0.524,30.87,10.97,2.959,1.714,0.850,0.01,-2.12,1.244,1.035,0.549,32.98,11.43,2.631,1.636,0.823
batch_test_373,-0.00,-2.13,1.208,1.068,0.453,23.81,6.39,1.772,1.196,0.764,0.02,-2.11,1.181,1.038,0.592,27.09,7.17,1.520,1.088,0.806
batch_test_374,-0.01,-2.17,1.178,1.043,0.457,24.71,7.64,1.995,1.252,0.778,-0.00,-2.11,1.235,1.032,0.562,27.52,8.09,1.777,1.163,0.814
batch_test_375,0.03,-2.12,1.863,1.161,0.687,26.59,5.52,2.539,1.372,0.904,0.05,-2.07,1.779,1.130,0.711,26.92,5.91,2.370,1.301,0.910
batch_test_376,-0.02,-2.12,1.465,1.058,0.492,26.10,5.85,1.992,1.382,0.730,-0.04,-2.14,1.422,1.041,0.530,27.48,5.80,1.899,1.154,0.758
batch_test_377,0.01,-2.12,1.390,1.041,0.636,41.43,6.83,2.133,1.391,0.843,-0.01,-2.14,1.350,1.035,0.736,47.34,7.03,1.906,1.233,0.885
batch_test_378,0.03,-2.09,1.287,1.058,0.678,41.43,8.80,1.859,1.372,0.847,-0.01,-2.15,1.239,1.039,0.764,44.59,9.17,1.738,1.269,0.879
batch_test_379,0.01,-2.12,1.305,1.079,0.529,20.93,5.84,1.931,1.192,0.810,0.00,-2.13,1.169,1.029,0.628,24.78,6.47,1.682,1.101,0.827
batch_test_380,0.02,-2.12,1.367,1.048,0.643,27.59,7.39,2.150,1.180,0.874,-0.02,-2.15,1.287,1.033,0.734,31.21,7.78,1.806,1.126,0.900
batch_test_381,0.03,-2.09,1.323,1.029,0.656,30.22,6.22,1.717,1.107,0.841,-0.01,-2.15,1.232,1.016,0.675,34.18,6.76,1.502,1.059,0.801
batch_test_382,-0.01,-2.13,1.521,1.062,0.548,27.57,6.83,2.404,1.498,0.854,0.02,-2.11,1.441,1.045,0.633,30.12,6.95,2.196,1.297,0.881
batch_test_383,-0.01,-2.14,1.325,1.043,0.506,23.99,6.84,2.246,1.213,0.833,-0.01,-2.13,1.223,1.036,0.626,24.97,7.11,1.932,1.133,0.873
batch_test_384,0.01,-2.11,1.698,1.104,0.477,26.07,8.44,2.657,1.546,0.784,-0.01,-2.13,1.533,1.073,0.563,29.49,8.86,2.298,1.339,0.868
batch_test_385,0.07,-2.06,1.524,1.038,0.501,28.13,9.34,2.106,1.467,0.797,0.01,-2.11,1.292,1.033,0.609,33.43,9.42,1.943,1.325,0.833
batch_test_386,0.03,-2.11,1.297,1.056,0.597,27.08,8.26,2.002,1.320,0.854,-0.01,-2.15,1.212,1.047,0.692,33.37,8.45,1.688,1.130,0.881
batch_test_387,0.05,-2.11,1.325,1.051,0.577,27.58,6.84,1.862,1.136,0.817,-0.03,-2.16,1.323,1.050,0.646,30.77,6.93,1.705,1.062,0.828
batch_test_388,0.03,-2.14,1.456,1.091,0.614,29.96,8.83,2.591,1.716,0.842,0.02,-2.11,1.403,1.071,0.625,26.51,9.20,2.397,1.598,0.835
batch_test_389,-0.00,-2.12,1.346,1.073,0.700,23.70,5.41,1.832,1.157,0.888,-0.00,-2.11,1.253,1.040,0.791,28.06,6.49,1.593,1.088,0.923
batch_test_390,-0.02,-2.16,1.352,1.062,0.535,27.07,6.90,2.118,1.226,0.820,-0.02,-2.14,1.319,1.047,0.618,29.79,7.09,1.907,1.234,0.869
batch_test_391,0.01,-2.12,1.388,1.046,0.582,29.15,6.42,2.333,1.235,0.877,0.01,-2.12,1.334,1.032,0.685,32.15,6.81,1.975,1.120,0.907
batch_test_392,-0.02,-2.14,1.522,1.088,0.618,28.66,5.21,2.617,1.375,0.870,-0.01,-2.11,1.465,1.056,0.730,30.29,5.89,2.187,1.241,0.907
batch_test_393,0.02,-2.10,1.703,1.141,0.572,24.77,7.56,2.455,1.483,0.859,0.04,-2.11,1.524,1.095,0.639,29.39,7.57,2.100,1.248,0.878
batch_test_394,0.01,-2.11,1.357,1.073,0.518,25.15,8.29,2.132,1.379,0.821,0.01,-2.11,1.295,1.061,0.634,30.80,8.43,1.909,1.244,0.857
batch_test_395,-0.00,-2.13,1.353,1.049,0.533,28.96,7.17,2.143,1.159,0.824,0.03,-2.09,1.348,1.037,0.624,32.11,7.41,1.784,1.087,0.839
batch_test_396,0.04,-2.08,1.249,1.044,0.561,33.66,7.27,2.132,1.249,0.824,-0.06,-2.17,1.182,1.028,0.633,36.48,7.10,1.833,1.114,0.848
batch_test_397,-0.04,-2.17,1.229,1.059,0.491,29.59,8.35,1.792,1.338,0.816,0.05,-2.10,1.207,1.039,0.630,33.37,8.31,1.639,1.147,0.851
batch_test_398,-0.02,-2.16,1.459,1.040,0.455,24.87,7.78,2.040,1.320,0.728,0.02,-2.11,1.389,1.033,0.550,27.61,8.04,1.808,1.175,0.767
batch_test_399,-0.01,-2.13,1.241,1.026,0.546,26.20,8.69,1.918,1.259,0.830,0.03,-2.11,1.162,1.024,0.697,34.02,8.86,1.622,1.150,0.881
batch_test_400,-0.00,-2.11,1.355,1.054,0.604,25.41,7.35,2.088,1.292,0.868,0.00,-2.14,1.278,1.033,0.714,31.60,7.57,1.708,1.126,0.898
batch_test_401,0.00,-2.11,1.499,1.065,0.587,22.59,8.02,1.899,1.279,0.814,-0.00,-2.12,1.380,1.048,0.663,26.91,8.54,1.746,1.164,0.839
batch_test_402,-0.04,-2.14,1.406,1.053,0.573,27.24,8.17,2.029,1.260,0.842,-0.02,-2.13,1.287,1.041,0.691,33.25,8.42,1.799,1.161,0.871
batch_test_403,-0.00,-2.11,1.316,1.051,0.556,26.19,7.63,1.954,1.309,0.839,-0.01,-2.16,1.256,1.040,0.653,32.48,7.78,1.722,1.150,0.873
batch_test_404,0.02,-2.10,1.392,1.073,0.652,29.39,6.34,2.297,1.141,0.876,0.00,-2.13,1.314,1.043,0.737,34.36,6.64,1.968,1.153,0.901
batch_test_405,-0.01,-2.14,1.506,1.090,0.497,32.76,7.33,2.442,1.478,0.816,-0.05,-2.19,1.391,1.066,0.586,38.37,7.38,2.185,1.345,0.848
batch_test_406,-0.03,-2.15,1.243,1.045,0.519,30.07,7.43,1.740,1.129,0.808,0.01,-2.10,1.154,1.024,0.625,32.00,8.20,1.434,1.055,0.831
batch_test_407,0.00,-2.13,1.319,1.032,0.546,29.04,8.89,2.228,1.459,0.853,0.02,-2.11,1.255,1.028,0.692,33.58,9.25,2.079,1.321,0.899
batch_test_408,-0.01,-2.14,1.315,1.066,0.579,32.01,9.56,2.441,1.604,0.865,-0.03,-2.14,1.192,1.042,0.592,33.01,10.30,2.076,1.388,0.835
batch_test_409,0.01,-2.15,1.213,1.033,0.558,25.62,6.64,1.770,1.210,0.827,-0.03,-2.15,1.149,1.028,0.692,26.31,7.26,1.586,1.115,0.854
batch_test_410,0.03,-2.16,1.129,1.020,0.529,37.49,5.57,1.420,1.056,0.741,-0.06,-2.19,1.080,1.019,0.661,35.99,6.38,1.233,1.036,0.821
batch_test_411,-0.04,-2.18,1.400,1.103,0.533,26.21,6.79,2.165,1.352,0.822,-0.01,-2.13,1.321,1.069,0.594,30.21,6.78,1.936,1.183,0.801
batch_test_412,0.03,-2.09,1.377,1.064,0.582,24.98,7.54,1.922,1.329,0.858,-0.03,-2.19,1.266,1.039,0.690,30.53,7.63,1.746,1.231,0.878
batch_test_413,0.00,-2.12,1.143,1.026,0.568,24.64,8.76,1.927,1.325,0.830,0.02,-2.10,1.083,1.024,0.677,25.03,9.20,1.726,1.202,0.866
batch_test_414,0.01,-2.12,1.463,1.066,0.690,32.70,10.00,3.085,2.143,0.925,0.04,-2.10,1.408,1.046,0.773,39.49,10.28,2.617,1.744,0.943
batch_test_415,-0.04,-2.17,1.389,1.068,0.538,28.55,7.95,2.334,1.408,0.794,0.03,-2.11,1.261,1.038,0.609,34.11,8.30,2.060,1.209,0.792
batch_test_416,0.03,-2.11,1.369,1.066,0.561,29.29,9.43,2.125,1.270,0.834,-0.03,-2.16,1.312,1.059,0.674,31.74,9.26,1.854,1.149,0.852
batch_test_417,-0.00,-2.14,1.427,1.060,0.578,27.31,6.57,2.694,1.657,0.886,0.03,-2.12,1.351,1.021,0.712,31.17,6.84,2.279,1.261,0.908
batch_test_418,0.03,-2.10,1.319,1.055,0.554,24.54,6.42,2.376,1.137,0.844,0.03,-2.12,1.292,1.041,0.667,26.04,7.37,2.006,1.098,0.877
batch_test_419,0.00,-2.09,1.277,1.048,0.500,21.27,8.60,2.131,1.396,0.800,0.04,-2.10,1.232,1.042,0.517,26.91,8.48,1.876,1.188,0.759
batch_test_420,-0.07,-2.17,1.370,1.045,0.512,27.30,11.71,2.935,1.936,0.865,-0.04,-2.16,1.418,1.042,0.573,32.57,11.98,2.676,1.653,0.904
batch_test_421,0.02,-2.10,1.354,1.043,0.680,26.39,8.42,2.210,1.456,0.882,0.03,-2.11,1.239,1.036,0.782,30.66,8.71,1.833,1.231,0.903
batch_test_422,0.01,-2.14,1.218,1.022,0.579,28.03,10.71,2.000,1.404,0.828,0.01,-2.12,1.164,1.023,0.690,30.73,11.55,1.817,1.329,0.855
batch_test_423,-0.00,-2.15,1.531,1.094,0.614,32.64,7.55,1.872,1.210,0.788,-0.02,-2.17,1.305,1.035,0.692,34.00,7.96,1.723,1.131,0.838
batch_test_424,-0.03,-2.14,1.358,1.039,0.546,23.19,7.42,1.932,1.268,0.816,-0.03,-2.13,1.229,1.027,0.682,27.75,8.19,1.695,1.145,0.868
batch_test_425,0.02,-2.15,1.401,1.045,0.545,25.19,7.12,2.035,1.314,0.805,0.00,-2.10,1.352,1.038,0.654,30.56,7.88,1.848,1.224,0.858
batch_test_426,-0.01,-2.14,1.276,1.034,0.574,29.02,7.66,1.935,1.263,0.818,0.02,-2.12,1.237,1.030,0.683,36.81,8.19,1.754,1.170,0.857
batch_test_427,0.08,-2.06,1.672,1.097,0.440,29.17,8.72,2.345,1.381,0.810,0.01,-2.12,1.635,1.089,0.515,32.91,8.32,2.201,1.224,0.808
batch_test_428,0.03,-2.10,1.356,1.077,0.567,24.98,7.53,2.027,1.290,0.826,0.00,-2.11,1.246,1.044,0.703,27.03,8.05,1.719,1.159,0.867
batch_test_429,-0.01,-2.15,1.528,1.120,0.585,24.16,5.46,2.076,1.343,0.815,0.01,-2.10,1.412,1.083,0.682,27.52,6.48,1.842,1.193,0.857
batch_test_430,-0.01,-2.15,1.584,1.076,0.627,27.60,7.18,2.678,1.494,0.905,-0.02,-2.13,1.501,1.059,0.721,27.99,7.59,2.398,1.385,0.928
batch_test_431,-0.00,-2.13,1.325,1.033,0.540,25.84,7.20,1.990,1.181,0.811,-0.01,-2.07,1.269,1.027,0.702,26.18,7.73,1.745,1.101,0.856
batch_test_432,0.01,-2.12,1.417,1.077,0.564,31.75,9.64,3.077,1.669,0.853,0.00,-2.11,1.391,1.062,0.604,36.63,10.55,2.819,1.471,0.855
batch_test_433,-0.01,-2.14,1.239,1.042,0.545,30.85,7.39,2.270,1.189,0.846,-0.02,-2.15,1.182,1.028,0.641,36.91,8.00,1.946,1.096,0.868
batch_test_434,0.04,-2.09,1.311,1.054,0.561,16.47,5.10,2.197,1.056,0.874,-0.02,-2.13,1.230,1.028,0.706,17.01,5.35,1.912,1.087,0.912
batch_test_435,0.07,-2.09,1.445,1.065,0.588,26.96,6.40,2.293,1.423,0.834,0.07,-2.08,1.353,1.054,0.699,30.18,6.56,1.970,1.212,0.880
batch_test_436,0.01,-2.14,1.402,1.091,0.606,27.51,7.72,2.053,1.344,0.865,0.01,-2.14,1.279,1.031,0.717,30.56,7.77,1.765,1.136,0.891
batch_test_437,-0.02,-2.14,1.552,1.069,0.547,29.09,6.47,2.241,1.292,0.817,-0.02,-2.14,1.558,1.061,0.602,33.04,6.71,2.139,1.202,0.811
batch_test_438,0.01,-2.12,1.504,1.360,0.405,29.32,8.27,2.022,1.158,0.689,0.05,-2.09,1.345,1.228,0.451,31.56,7.90,1.754,1.067,0.677
batch_test_439,-0.01,-2.10,1.450,1.046,0.592,25.54,6.67,2.088,1.442,0.882,-0.00,-2.11,1.309,1.034,0.709,28.64,6.97,1.896,1.229,0.923
batch_test_440,0.05,-2.09,1.322,1.064,0.467,29.77,9.14,2.108,1.380,0.817,0.03,-2.10,1.226,1.040,0.660,30.72,9.39,1.895,1.228,0.853
batch_test_441,-0.04,-2.15,1.335,1.050,0.589,22.94,8.19,1.847,1.265,0.845,0.04,-2.11,1.266,1.038,0.711,26.62,8.92,1.659,1.144,0.868
batch_test_442,-0.02,-2.15,1.414,1.088,0.545,30.97,8.59,2.274,1.434,0.861,0.02,-2.11,1.285,1.090,0.608,37.05,9.10,2.068,1.282,0.856
batch_test_443,-0.01,-2.12,1.403,1.034,0.545,27.94,7.38,1.967,1.160,0.782,-0.01,-2.15,1.319,1.029,0.623,32.19,7.60,1.734,1.083,0.779
batch_test_444,0.00,-2.12,1.347,1.038,0.460,28.46,8.68,1.956,1.367,0.776,-0.01,-2.13,1.300,1.040,0.589,32.30,8.70,1.815,1.255,0.845
batch_test_445,0.02,-2.08,1.347,1.077,0.634,25.32,6.73,2.157,1.488,0.903,-0.00,-2.11,1.236,1.042,0.743,26.62,7.14,1.877,1.216,0.920
batch_test_446,-0.00,-2.13,1.408,1.073,0.507,28.95,7.98,2.231,1.400,0.815,0.06,-2.06,1.323,1.049,0.594,30.91,8.15,1.949,1.225,0.838
batch_test_447,-0.02,-2.13,1.432,1.049,0.608,23.99,7.70,2.656,1.645,0.890,0.03,-2.12,1.359,1.038,0.726,26.91,8.57,2.462,1.558,0.913
batch_test_448,0.04,-2.08,1.358,1.081,0.501,25.19,7.33,2.081,1.383,0.822,0.01,-2.10,1.270,1.063,0.607,28.75,7.90,1.976,1.252,0.855
batch_test_449,-0.01,-2.12,1.258,1.042,0.568,25.46,6.24,2.087,1.066,0.844,-0.01,-2.15,1.236,1.034,0.662,29.90,6.79,1.745,1.045,0.862
batch_test_450,0.01,-2.12,1.354,1.043,0.534,24.85,6.44,1.980,1.201,0.801,0.01,-2.15,1.259,1.027,0.642,29.56,6.77,1.728,1.105,0.845
batch_test_451,-0.02,-2.18,1.338,1.051,0.581,29.28,7.13,1.970,1.219,0.798,0.01,-2.14,1.317,1.038,0.601,31.18,7.23,1.878,1.149,0.797
batch_test_452,0.08,-2.05,1.377,1.054,0.663,24.80,7.92,2.212,1.367,0.871,-0.02,-2.16,1.267,1.041,0.749,31.37,8.24,1.874,1.196,0.893
batch_test_453,-0.02,-2.14,1.394,1.053,0.511,30.60,9.15,2.402,1.759,0.848,0.03,-2.10,1.377,1.043,0.628,34.79,9.30,2.113,1.504,0.877
batch_test_454,-0.01,-2.15,1.394,1.076,0.473,26.99,8.65,2.259,1.585,0.806,0.03,-2.12,1.320,1.052,0.577,30.99,8.97,2.042,1.472,0.826
batch_test_455,-0.02,-2.13,1.517,1.107,0.684,29.88,6.51,2.168,1.263,0.864,-0.01,-2.13,1.362,1.064,0.766,34.03,6.69,1.815,1.133,0.901
batch_test_456,-0.03,-2.17,1.290,1.065,0.509,25.63,8.77,1.940,1.324,0.784,-0.01,-2.11,1.256,1.048,0.563,27.71,8.63,1.776,1.201,0.806
batch_test_457,0.05,-2.09,1.294,1.056,0.585,31.80,9.32,2.431,1.532,0.851,-0.01,-2.13,1.233,1.041,0.691,36.54,10.40,2.245,1.463,0.892
batch_test_458,-0.02,-2.16,1.376,1.070,0.491,27.15,6.90,2.139,1.478,0.839,-0.01,-2.16,1.262,1.046,0.621,33.39,7.08,1.882,1.221,0.884
batch_test_459,-0.01,-2.13,1.432,1.077,0.493,28.63,9.08,2.152,1.337,0.827,0.02,-2.12,1.279,1.051,0.655,31.98,9.05,1.804,1.203,0.858
batch_test_460,-0.02,-2.14,1.406,1.074,0.574,23.73,6.92,2.026,1.353,0.848,0.01,-2.13,1.336,1.051,0.650,27.23,6.97,1.747,1.185,0.862
batch_test_461,0.03,-2.11,1.390,1.056,0.622,26.72,7.69,2.068,1.290,0.827,0.00,-2.11,1.309,1.040,0.702,30.67,8.29,1.788,1.144,0.861
batch_test_462,0.01,-2.12,1.413,1.044,0.564,26.72,6.29,2.327,1.190,0.868,-0.03,-2.16,1.317,1.034,0.692,30.48,6.86,2.087,1.120,0.903
batch_test_463,0.00,-2.09,1.302,1.030,0.582,25.73,8.13,2.065,1.433,0.846,0.07,-2.06,1.267,1.028,0.691,28.86,8.38,1.867,1.285,0.877
batch_test_464,-0.03,-2.14,1.485,1.083,0.517,32.95,10.09,2.308,1.458,0.811,-0.01,-2.14,1.347,1.079,0.660,36.99,9.52,2.045,1.311,0.849
batch_test_465,0.01,-2.11,1.262,1.025,0.505,26.22,7.96,2.086,1.287,0.827,0.00,-2.15,1.232,1.028,0.613,30.90,8.27,1.845,1.189,0.859
batch_test_466,-0.02,-2.14,1.223,1.057,0.544,28.56,9.17,1.808,1.343,0.834,0.06,-2.11,1.191,1.032,0.637,33.39,9.29,1.683,1.248,0.856
batch_test_467,-0.01,-2.13,1.380,1.031,0.632,27.07,6.59,2.176,1.259,0.860,0.00,-2.14,1.274,1.023,0.773,28.97,7.06,1.806,1.114,0.916
batch_test_468,-0.01,-2.16,1.244,1.026,0.571,28.07,9.36,2.354,1.657,0.869,-0.00,-2.13,1.132,1.023,0.690,31.47,10.19,1.935,1.342,0.890
batch_test_469,-0.04,-2.16,1.398,1.044,0.585,23.53,7.22,2.437,1.344,0.883,-0.02,-2.15,1.259,1.030,0.717,24.94,7.83,2.088,1.248,0.916
batch_test_470,-0.01,-2.11,1.330,1.047,0.476,30.39,8.10,2.023,1.301,0.785,-0.03,-2.14,1.289,1.038,0.528,35.99,8.76,1.792,1.134,0.783
batch_test_471,-0.03,-2.17,1.082,1.051,0.518,23.63,8.81,2.153,1.346,0.866,-0.02,-2.14,1.128,1.032,0.650,26.19,9.74,1.972,1.253,0.899
batch_test_472,0.02,-2.11,1.385,1.059,0.606,33.54,7.73,2.108,1.213,0.865,-0.00,-2.13,1.288,1.040,0.689,31.29,8.71,1.989,1.174,0.905
batch_test_473,-0.02,-2.17,1.352,1.050,0.575,26.79,6.67,2.236,1.360,0.836,0.02,-2.13,1.312,1.033,0.685,31.09,6.72,1.778,1.145,0.854
batch_test_474,0.01,-2.11,1.561,1.102,0.661,33.67,9.73,2.715,1.985,0.902,0.02,-2.12,1.456,1.057,0.760,34.22,10.34,2.526,1.851,0.936
batch_test_475,-0.05,-2.18,1.687,1.139,0.739,40.10,9.14,2.352,1.737,0.857,0.02,-2.11,1.567,1.096,0.740,37.32,9.31,2.332,1.626,0.899
batch_test_476,-0.01,-2.09,1.325,1.065,0.531,22.91,8.29,1.738,1.330,0.806,-0.01,-2.15,1.130,1.032,0.620,28.22,8.17,1.506,1.143,0.826
batch_test_477,0.02,-2.12,1.342,1.071,0.569,26.12,8.38,1.917,1.217,0.836,0.01,-2.13,1.373,1.049,0.578,26.65,8.20,1.779,1.116,0.786
batch_test_478,0.01,-2.10,1.289,1.037,0.579,22.95,6.40,2.228,1.205,0.842,-0.01,-2.11,1.218,1.026,0.694,25.27,7.04,1.850,1.100,0.874
batch_test_479,-0.01,-2.13,1.500,1.088,0.686,34.00,7.97,2.261,1.438,0.888,0.00,-2.14,1.364,1.056,0.744,39.25,8.02,2.023,1.200,0.900
batch_test_480,-0.00,-2.13,1.246,1.037,0.560,33.31,7.65,1.816,1.176,0.773,-0.02,-2.15,1.196,1.029,0.644,34.24,7.90,1.578,1.104,0.816
batch_test_481,0.01,-2.15,1.426,1.050,0.559,24.37,7.39,1.973,1.221,0.823,-0.03,-2.15,1.284,1.035,0.673,25.40,8.08,1.719,1.113,0.852
batch_test_482,-0.01,-2.13,1.393,1.060,0.501,24.57,8.28,2.011,1.384,0.841,0.02,-2.12,1.288,1.043,0.617,30.25,8.49,1.761,1.232,0.863
batch_test_483,0.01,-2.12,1.286,1.047,0.596,25.86,7.14,2.261,1.167,0.883,-0.02,-2.17,1.191,1.041,0.677,31.52,8.01,1.924,1.117,0.894
batch_test_484,0.01,-2.12,1.462,1.061,0.643,25.83,7.26,2.369,1.328,0.870,0.01,-2.12,1.425,1.048,0.792,32.87,8.10,2.015,1.155,0.912
batch_test_485,-0.00,-2.13,1.276,1.038,0.595,24.85,8.54,2.170,1.478,0.828,0.00,-2.14,1.215,1.029,0.711,28.48,8.80,1.891,1.235,0.871
batch_test_486,-0.01,-2.14,1.361,1.063,0.605,35.23,6.42,1.642,1.199,0.748,-0.03,-2.16,1.251,1.037,0.711,36.16,7.10,1.516,1.117,0.831
batch_test_487,-0.01,-2.13,1.307,1.076,0.626,25.88,6.68,2.151,1.312,0.881,0.01,-2.11,1.227,1.060,0.678,32.38,7.29,1.822,1.149,0.897
batch_test_488,0.02,-2.09,1.399,1.029,0.467,20.57,6.45,2.009,1.219,0.747,-0.01,-2.12,1.280,1.024,0.497,24.15,6.87,1.711,1.108,0.724
batch_test_489,0.03,-2.11,1.395,1.060,0.682,35.87,9.63,2.990,1.450,0.923,-0.01,-2.15,1.293,1.045,0.758,40.71,10.86,2.580,1.403,0.946
batch_test_490,-0.01,-2.12,1.220,1.034,0.499,28.27,9.39,1.826,1.266,0.790,-0.02,-2.15,1.257,1.030,0.590,34.61,9.81,1.728,1.181,0.817
batch_test_491,0.00,-2.13,1.427,1.041,0.565,26.69,6.52,2.218,1.129,0.852,-0.01,-2.13,1.331,1.033,0.657,27.24,6.67,1.912,1.084,0.872
batch_test_492,0.03,-2.11,2.128,1.073,0.432,27.17,9.21,1.870,1.309,0.724,-0.04,-2.14,1.237,1.046,0.508,29.71,9.18,1.679,1.169,0.754
batch_test_493,0.04,-2.07,1.350,1.036,0.584,23.48,6.59,2.032,1.223,0.832,0.03,-2.09,1.299,1.029,0.684,26.37,7.04,1.815,1.132,0.881
batch_test_494,-0.08,-2.21,1.245,1.039,0.551,28.85,9.45,2.064,1.299,0.823,-0.03,-2.16,1.198,1.035,0.622,29.13,9.39,1.841,1.180,0.846
batch_test_495,-0.00,-2.13,1.379,1.036,0.537,23.18,6.39,2.221,1.129,0.879,0.00,-2.13,1.304,1.026,0.649,26.15,7.43,2.002,1.084,0.907
batch_test_496,0.04,-2.09,1.080,1.054,0.595,28.18,5.41,1.527,1.064,0.750,0.01,-2.14,1.146,1.036,0.695,34.44,6.16,1.338,1.039,0.829
batch_test_497,0.01,-2.10,1.305,1.027,0.613,23.82,9.23,2.487,1.475,0.899,-0.02,-2.15,1.197,1.020,0.752,30.03,10.66,2.270,1.414,0.935
batch_test_498,-0.04,-2.15,1.438,1.041,0.618,27.60,9.21,2.425,1.793,0.878,0.00,-2.12,1.338,1.025,0.716,29.26,9.80,2.200,1.576,0.914
batch_test_499,-0.03,-2.14,1.361,1.069,0.674,35.22,8.88,2.575,1.584,0.910,-0.00,-2.13,1.343,1.044,0.802,35.95,9.00,2.298,1.369,0.945
