Run_ID,Total_Score,Anechoic_PESQ_NB,Anechoic_PESQ_WB,Anechoic_STOI,Anechoic_SINR,Anechoic_SIR,Reverb_PESQ_NB,Reverb_PESQ_WB,Reverb_STOI,Reverb_SINR,Reverb_SIR
batch_test_3587,1.555762801863674,2.712,1.675,0.562,11.83,24.48,2.378,1.585,0.529,9.17,19.78
batch_test_7981,1.5500051444265759,2.326,1.619,0.749,12.31,52.34,2.433,1.7,0.715,11.87,37.36
batch_test_2756,1.540900525991386,2.112,1.593,0.857,13.17,38.75,2.118,1.7,0.824,11.33,29.98
batch_test_1081,1.5334959003558035,2.53,1.843,0.857,10.88,27.08,2.554,1.796,0.823,9.83,23.77
batch_test_8140,1.5302980372277952,2.542,1.759,0.857,9.48,22.24,2.2,1.575,0.755,6.83,16.51
batch_test_1636,1.5253575006495825,2.4,1.572,0.729,10.72,23.36,2.234,1.473,0.662,8.09,20.99
batch_test_8447,1.5214935922870994,2.224,1.462,0.726,10.59,22.7,2.266,1.564,0.613,9.24,20.38
batch_test_5435,1.5166040836424626,2.32,1.556,0.87,10.96,24.23,1.986,1.416,0.762,8.62,20.11
batch_test_2437,1.5129808571780239,2.14,1.534,0.818,14.15,57.41,2.279,1.613,0.777,13.2,42.22
batch_test_8092,1.5121273159234765,2.431,1.48,0.708,9.85,33.3,2.547,1.609,0.716,9.36,31.61
batch_test_4454,1.5119989747999756,2.549,1.637,0.889,13.14,47.86,2.565,1.795,0.84,13.09,34.43
batch_test_521,1.5054841538510557,2.37,1.668,0.793,12.09,24.78,2.274,1.665,0.678,9.11,18.7
batch_test_4284,1.5030662848324576,2.342,1.572,0.798,8.68,20.79,2.355,1.658,0.746,6.73,16.36
batch_test_4649,1.5026761536548139,2.555,1.847,0.878,11.06,28.53,2.596,1.752,0.829,10.05,24.82
batch_test_077,1.502075114749255,2.304,1.623,0.881,12.52,39.47,2.424,1.729,0.814,12.32,34.93
batch_test_5673,1.4990793713207649,2.263,1.563,0.839,8.92,35.92,2.627,1.708,0.841,8.63,31.06
batch_test_5541,1.4980344237654202,2.288,1.797,0.802,13.31,37.88,2.257,1.737,0.743,11.42,31.56
batch_test_1437,1.4944239577383307,2.527,1.771,0.887,11.38,43.49,2.909,1.928,0.884,11.2,39.32
batch_test_208,1.4928316897157248,2.212,1.546,0.68,10.92,24.7,1.958,1.422,0.568,8.27,20.8
batch_test_209,1.492248808650777,2.208,1.662,0.799,13.13,40.37,2.451,1.728,0.787,11.51,31.39
batch_test_3602,1.4900674635787765,2.218,1.48,0.883,10.23,23.33,2.145,1.472,0.817,8.58,20.44
batch_test_7259,1.4885786667938445,2.142,1.573,0.784,11.13,24.97,2.044,1.511,0.71,9.71,22.11
batch_test_4589,1.479464202713289,1.936,1.36,0.604,10.04,22.4,1.807,1.33,0.599,7.9,17.79
batch_test_7212,1.4770312768675855,1.989,1.357,0.802,13.05,47.41,2.268,1.603,0.787,12.2,43.03
batch_test_6634,1.4754611795392218,2.439,1.588,0.746,11.29,24.09,2.472,1.621,0.77,9.47,20.5
batch_test_9968,1.4746743297821534,2.166,1.444,0.752,8.79,30.76,2.291,1.57,0.711,7.95,24.67
batch_test_9830,1.4731441709019437,2.121,1.549,0.63,10.87,28.88,1.99,1.517,0.549,8.79,22.75
batch_test_2034,1.4712233021062844,2.49,1.748,0.829,10.94,23.75,2.165,1.608,0.729,8.23,19.86
batch_test_6110,1.4707333743205515,2.286,1.462,0.672,12.58,32.32,2.557,1.854,0.821,12.97,31.11
batch_test_6376,1.4697834049057277,2.301,1.472,0.862,11.1,23.74,2.35,1.675,0.775,8.87,19.89
batch_test_637,1.4689752289019493,2.038,1.438,0.726,10.94,24.47,1.91,1.357,0.673,8.71,20.59
batch_test_4084,1.4682674163477198,2.225,1.545,0.76,9.55,23.86,2.241,1.525,0.713,7.5,17.53
batch_test_7418,1.467643530333195,2.033,1.508,0.706,12.07,35.21,2.158,1.556,0.708,10.27,31.59
batch_test_9405,1.4674304323698906,2.123,1.525,0.792,14.57,53.46,2.378,1.687,0.781,14.0,42.43
batch_test_4025,1.4616837410586094,2.011,1.373,0.773,11.79,26.99,2.077,1.477,0.699,10.69,22.39
batch_test_1584,1.4615832056023277,2.263,1.549,0.746,10.68,43.19,2.478,1.701,0.724,9.39,33.06
batch_test_3536,1.4596022997696594,2.387,1.754,0.867,10.21,35.24,2.626,1.811,0.839,9.04,28.91
batch_test_3321,1.4593193950162606,2.165,1.351,0.662,10.8,23.38,1.918,1.385,0.64,8.77,19.07
batch_test_7937,1.4579897925333019,2.475,1.62,0.866,10.45,30.84,2.823,1.861,0.876,10.94,36.02
batch_test_8524,1.4572598822421847,2.156,1.528,0.706,9.54,24.07,1.901,1.44,0.661,7.11,17.44
batch_test_2671,1.4553902628875544,2.068,1.644,0.81,10.94,35.79,2.461,1.859,0.791,9.77,28.61
batch_test_168,1.4540115319204918,2.585,1.637,0.846,9.2,22.05,2.329,1.566,0.754,7.38,17.37
batch_test_149,1.4539465643027927,2.451,1.822,0.86,10.83,34.46,2.366,1.773,0.807,9.65,28.93
batch_test_5794,1.45264909885014,2.501,1.495,0.795,9.82,20.52,2.236,1.545,0.719,6.36,13.13
batch_test_1271,1.4521964116722823,2.228,1.575,0.819,10.26,38.56,2.203,1.53,0.763,7.12,33.32
batch_test_2904,1.451914871991713,2.358,1.486,0.825,11.3,24.45,2.346,1.647,0.78,9.7,20.79
batch_test_7420,1.4503482823437608,2.45,1.589,0.753,11.22,23.52,2.294,1.537,0.711,8.45,17.99
batch_test_6584,1.447907024975073,1.883,1.317,0.592,12.79,35.5,2.403,1.638,0.678,10.67,32.47
batch_test_9512,1.4467174031095764,2.128,1.471,0.883,11.69,38.14,2.35,1.569,0.848,11.09,32.01
batch_test_4795,1.446164552035767,2.228,1.546,0.725,13.91,68.51,2.57,1.859,0.748,14.3,51.27
batch_test_8717,1.4454711107217366,2.293,1.747,0.873,10.75,34.69,2.337,1.818,0.841,9.31,33.27
batch_test_5919,1.4449961560592244,2.012,1.478,0.826,9.45,24.09,1.954,1.433,0.701,7.53,19.85
batch_test_1189,1.443184733177008,2.197,1.628,0.737,12.66,39.97,2.234,1.635,0.656,9.97,34.56
batch_test_4268,1.4429482029828709,2.369,1.729,0.837,8.8,23.74,2.2,1.591,0.816,6.55,17.04
batch_test_8445,1.4415317659246436,2.427,1.707,0.868,11.12,59.48,2.759,1.875,0.842,9.88,39.11
batch_test_044,1.4414791400104447,2.063,1.403,0.727,10.06,23.34,1.912,1.501,0.666,7.1,17.19
batch_test_4759,1.4406988506678688,2.099,1.546,0.801,9.58,24.62,2.222,1.636,0.817,8.17,19.49
batch_test_1828,1.4403765374878899,2.593,1.772,0.825,11.97,24.62,2.67,1.773,0.754,10.68,23.75
batch_test_1789,1.4376276399006351,2.502,1.848,0.848,9.91,24.12,2.511,1.84,0.806,8.91,20.92
batch_test_1885,1.4372516005090752,2.377,1.604,0.848,13.8,37.52,2.571,1.792,0.813,12.93,41.97
batch_test_3865,1.4371077990739844,2.27,1.547,0.804,11.93,35.05,2.254,1.556,0.746,11.09,30.67
batch_test_4266,1.4365854423035154,2.323,1.683,0.839,13.73,39.32,2.316,1.641,0.783,12.44,27.65
batch_test_3194,1.4361238540749781,2.701,1.766,0.637,12.03,24.83,2.669,1.709,0.767,11.11,23.1
batch_test_1552,1.4357650294516215,2.109,1.559,0.688,13.72,48.46,2.011,1.516,0.618,10.17,43.61
batch_test_3591,1.4351746881083847,2.26,1.646,0.854,11.65,34.86,2.316,1.684,0.796,10.38,27.0
batch_test_1057,1.432246845182792,2.281,1.538,0.864,10.33,35.77,2.495,1.559,0.821,9.04,32.2
batch_test_3013,1.4321884901953248,2.115,1.297,0.83,9.27,22.62,2.271,1.529,0.781,8.35,22.43
batch_test_3910,1.431426860932687,2.372,1.575,0.829,10.28,22.99,2.205,1.545,0.775,7.66,18.03
batch_test_6352,1.4312496471371645,2.152,1.524,0.734,10.38,31.3,2.286,1.603,0.729,9.28,26.37
batch_test_5813,1.4296564589889225,2.171,1.569,0.848,12.09,56.73,2.432,1.722,0.817,11.63,35.68
batch_test_9589,1.4295264128498355,2.207,1.534,0.776,10.56,24.01,2.089,1.409,0.646,8.24,17.63
batch_test_5763,1.4289721753847382,2.775,1.692,0.877,10.84,25.12,2.933,1.901,0.833,6.21,13.04
batch_test_1541,1.428877120851006,2.102,1.342,0.736,10.68,22.31,1.92,1.371,0.706,8.53,17.68
batch_test_6018,1.4286334314005584,2.174,1.495,0.819,10.43,23.85,1.991,1.424,0.709,7.29,16.9
batch_test_4030,1.428409629477163,2.613,1.651,0.881,14.09,61.2,2.893,1.753,0.829,13.25,40.49
batch_test_7761,1.4274409151910095,2.211,1.475,0.905,10.6,62.96,2.587,1.794,0.892,10.15,48.89
batch_test_2120,1.4273752769223527,2.41,1.842,0.911,10.48,44.59,2.67,1.925,0.892,9.23,32.5
batch_test_7300,1.4264750584068777,2.189,1.627,0.877,12.41,63.63,2.539,1.809,0.879,11.84,40.07
batch_test_7817,1.4256987369478638,1.985,1.405,0.723,10.8,23.64,1.944,1.437,0.7,8.22,19.39
batch_test_2466,1.425430964937254,2.365,1.698,0.87,12.09,44.78,2.301,1.575,0.811,10.21,32.73
batch_test_6771,1.425293546764523,2.259,1.512,0.883,10.47,22.77,2.213,1.558,0.854,8.16,17.89
batch_test_570,1.4252249029182578,2.131,1.517,0.835,14.09,56.51,2.374,1.765,0.772,13.54,42.01
batch_test_5623,1.4251509668924225,2.327,1.678,0.898,12.01,45.11,2.67,1.805,0.871,11.17,36.43
batch_test_7791,1.4245084029554418,1.955,1.386,0.837,9.41,25.43,1.942,1.39,0.761,7.93,20.43
batch_test_1180,1.424117587922899,2.114,1.482,0.815,9.78,32.21,2.305,1.716,0.791,10.11,30.37
batch_test_3582,1.4239790782629733,2.144,1.519,0.889,11.84,35.21,2.312,1.661,0.855,10.29,31.24
batch_test_261,1.4237592269524444,2.276,1.707,0.737,10.02,25.6,2.144,1.626,0.733,8.16,18.82
batch_test_5302,1.423648329083197,2.037,1.377,0.756,9.95,22.17,1.878,1.264,0.674,6.91,15.29
batch_test_644,1.4232454034424056,2.085,1.466,0.798,13.65,50.74,2.285,1.572,0.753,13.03,35.37
batch_test_2647,1.4228977055410152,2.227,1.623,0.753,9.77,23.39,2.111,1.532,0.679,7.39,14.61
batch_test_4607,1.4227121605285773,2.228,1.477,0.809,12.07,33.22,2.437,1.594,0.792,10.96,26.51
batch_test_3531,1.422461203508266,2.093,1.501,0.832,11.14,23.21,2.106,1.473,0.771,9.25,19.61
batch_test_2326,1.421354409258119,1.968,1.49,0.84,11.51,28.08,2.006,1.464,0.76,8.94,21.96
batch_test_5479,1.421117606797579,2.442,1.603,0.853,12.93,43.5,2.465,1.641,0.816,12.27,27.74
batch_test_5465,1.4211059716410337,2.391,1.565,0.833,12.37,47.79,2.656,1.747,0.838,12.03,36.92
batch_test_1568,1.420690755353007,2.312,1.51,0.823,12.22,39.58,2.486,1.566,0.822,11.29,35.25
batch_test_3853,1.4198800551027304,2.322,1.625,0.678,13.16,46.76,2.382,1.657,0.661,13.14,37.3
batch_test_8819,1.4197428124668674,2.064,1.358,0.845,9.96,24.58,2.096,1.431,0.79,7.73,17.99
batch_test_8873,1.4197265654271671,1.964,1.416,0.719,10.64,22.41,1.813,1.379,0.662,6.44,15.21
batch_test_6286,1.4193225444250177,2.215,1.501,0.859,10.84,29.51,2.642,1.645,0.856,10.81,32.35
batch_test_9508,1.419042159989366,2.325,1.481,0.805,9.99,58.36,2.627,1.594,0.787,8.89,38.7
batch_test_9269,1.4188307723974853,2.377,1.586,0.876,10.49,22.54,2.35,1.642,0.824,8.07,18.12
batch_test_1769,1.4184844287967182,2.447,1.648,0.863,11.96,26.8,2.248,1.571,0.783,10.33,24.49
batch_test_5979,1.4184303955417241,2.322,1.51,0.658,6.08,13.72,2.527,1.614,0.71,6.85,16.19
batch_test_063,1.4182595896550116,2.026,1.327,0.814,10.01,22.98,1.987,1.387,0.721,8.21,18.37
batch_test_4575,1.4181292947881894,1.954,1.312,0.822,10.66,27.96,2.19,1.42,0.792,11.11,27.61
batch_test_3540,1.4180112997761212,2.369,1.802,0.829,14.12,40.37,2.329,1.772,0.74,13.0,34.38
batch_test_1663,1.4179384907553425,2.239,1.449,0.824,10.31,24.08,2.221,1.476,0.736,9.0,20.31
batch_test_228,1.4174199371125122,2.314,1.652,0.841,11.67,24.49,2.148,1.563,0.716,8.97,18.84
batch_test_4058,1.4172119405290378,2.001,1.435,0.808,9.46,22.14,1.948,1.443,0.789,6.47,14.11
batch_test_393,1.4156771768657044,2.225,1.484,0.838,8.79,21.64,2.313,1.61,0.771,6.67,16.73
batch_test_4262,1.4156473897207367,1.954,1.283,0.907,11.11,30.95,2.402,1.505,0.867,10.29,29.69
batch_test_1232,1.4149718708014682,2.21,1.552,0.848,11.9,53.76,2.393,1.649,0.788,10.69,37.15
batch_test_3916,1.4149611079978892,2.045,1.495,0.863,13.81,57.45,2.573,1.734,0.839,13.21,43.34
batch_test_8752,1.4147403026557999,2.159,1.564,0.83,10.32,24.6,2.196,1.596,0.75,8.43,20.36
batch_test_221,1.4146941675776354,2.211,1.458,0.851,8.7,21.13,2.207,1.503,0.772,6.41,13.96
batch_test_1118,1.4144553815372176,2.212,1.494,0.891,11.3,58.19,2.527,1.709,0.859,10.54,34.85
batch_test_9189,1.414317231534393,1.949,1.33,0.825,9.81,23.85,1.978,1.351,0.731,7.9,18.58
batch_test_4761,1.4139485138340064,2.177,1.533,0.796,10.86,23.19,2.05,1.475,0.695,7.77,18.5
batch_test_273,1.4136988496128524,2.41,1.556,0.771,9.76,26.01,2.66,1.79,0.761,9.52,27.93
batch_test_9566,1.4127068422723763,2.378,1.707,0.849,9.68,23.8,2.617,1.765,0.785,8.75,21.49
batch_test_721,1.4124694093873242,2.293,1.636,0.884,10.16,28.37,2.434,1.716,0.854,8.82,25.28
batch_test_7532,1.4124028516638762,2.308,1.748,0.907,10.49,30.17,2.454,1.796,0.869,8.83,30.96
batch_test_8998,1.408072644806055,2.296,1.53,0.877,12.22,40.03,2.284,1.525,0.827,9.89,34.81
batch_test_479,1.4080339125985262,2.348,1.621,0.872,10.37,25.22,2.465,1.715,0.849,8.42,18.99
batch_test_518,1.4079990110164147,2.325,1.605,0.786,11.01,56.53,2.396,1.583,0.764,9.82,39.19
batch_test_6485,1.4078943947698361,2.091,1.506,0.808,10.62,39.61,2.307,1.612,0.787,9.9,34.35
batch_test_8107,1.407826132955896,2.123,1.525,0.81,10.1,25.45,2.127,1.552,0.749,7.51,17.73
batch_test_8732,1.4076414334377283,2.148,1.581,0.812,11.4,29.31,2.142,1.59,0.76,9.42,22.83
batch_test_7783,1.4075862140593758,1.99,1.422,0.692,9.75,20.08,1.908,1.442,0.677,6.97,14.63
batch_test_6464,1.4075401058337347,1.996,1.355,0.759,10.48,23.46,1.984,1.385,0.693,7.39,16.61
batch_test_5289,1.407264803135688,2.062,1.36,0.743,9.67,24.32,2.137,1.45,0.682,8.71,23.15
batch_test_8437,1.4069152731747399,2.325,1.627,0.783,14.52,35.9,2.535,1.678,0.822,14.27,34.42
batch_test_4225,1.4067927678510999,2.102,1.588,0.719,10.65,32.8,2.153,1.622,0.736,9.65,25.83
batch_test_9322,1.406627878063639,1.942,1.427,0.8,8.13,19.61,1.913,1.415,0.675,6.37,16.14
batch_test_8536,1.4062041015617446,2.15,1.414,0.779,9.59,24.45,2.053,1.406,0.714,7.65,18.98
batch_test_7367,1.4059614009090218,2.074,1.454,0.837,11.44,24.66,2.235,1.566,0.8,9.75,21.39
batch_test_9373,1.4058760491669418,1.976,1.417,0.818,10.25,23.6,1.978,1.378,0.731,8.0,16.65
batch_test_2973,1.4051702962124524,2.252,1.616,0.87,11.05,40.92,2.467,1.694,0.824,9.7,36.64
batch_test_3364,1.4045067267047844,2.018,1.344,0.837,8.65,19.01,2.044,1.507,0.743,6.94,15.71
batch_test_5633,1.4040521787334304,1.993,1.426,0.8,11.52,24.49,2.063,1.473,0.731,9.12,21.52
batch_test_1027,1.4036272307028677,2.449,1.527,0.684,9.9,23.82,2.255,1.534,0.713,8.49,19.93
batch_test_5445,1.4025882984747242,1.975,1.379,0.856,10.14,23.04,1.883,1.382,0.774,7.1,16.01
batch_test_223,1.4022908952909978,2.223,1.543,0.735,7.74,20.72,2.076,1.471,0.685,6.4,18.25
batch_test_8956,1.4021579041152505,2.025,1.352,0.706,9.97,22.87,1.978,1.448,0.667,7.13,15.94
batch_test_1907,1.4019812469072366,2.257,1.804,0.81,12.05,41.57,2.054,1.646,0.749,9.4,26.17
batch_test_5590,1.4014884903360914,2.167,1.722,0.849,13.44,39.71,2.283,1.743,0.787,12.12,33.38
batch_test_105,1.401075147299454,2.345,1.538,0.788,9.58,24.98,1.986,1.428,0.666,6.69,15.25
batch_test_2947,1.4009611165815146,2.189,1.502,0.822,12.09,36.85,2.215,1.628,0.754,9.53,22.58
batch_test_1591,1.400486368420402,2.757,1.72,0.803,10.27,22.93,2.807,1.774,0.796,8.24,18.0
batch_test_1211,1.4000006132247411,1.943,1.336,0.849,9.49,22.63,1.974,1.355,0.769,8.37,20.43
batch_test_8243,1.3997851615984471,2.096,1.49,0.784,12.75,33.34,2.073,1.477,0.733,10.18,23.92
batch_test_4735,1.3992717789763893,2.443,1.621,0.858,9.59,22.54,2.312,1.583,0.819,6.72,14.23
batch_test_9384,1.3992097076161956,2.178,1.515,0.792,13.6,33.26,2.273,1.53,0.777,12.72,29.17
batch_test_812,1.3988173882721326,2.039,1.493,0.843,11.55,38.65,2.195,1.605,0.844,10.52,32.86
batch_test_6450,1.3987331793922244,2.018,1.336,0.813,8.48,17.84,2.059,1.562,0.735,7.76,17.06
batch_test_2456,1.3983479991888472,2.43,1.547,0.831,9.34,21.29,2.201,1.459,0.726,7.63,17.95
batch_test_2244,1.3982008308378682,1.923,1.343,0.776,8.59,21.99,1.933,1.387,0.715,6.35,14.55
batch_test_7759,1.3981311224066322,2.381,1.666,0.842,12.07,39.28,2.468,1.707,0.83,10.77,34.01
batch_test_9103,1.3981294497270307,2.164,1.499,0.883,10.53,28.97,2.267,1.654,0.84,8.47,22.55
batch_test_6663,1.3971269083483837,2.101,1.536,0.875,12.72,36.41,2.455,1.882,0.848,12.37,37.17
batch_test_384,1.3969315403912876,2.294,1.472,0.762,9.9,23.42,2.314,1.527,0.648,7.7,16.94
batch_test_3455,1.3967906807480897,2.228,1.319,0.801,11.56,25.01,2.109,1.417,0.707,8.54,17.76
batch_test_7249,1.39663029035448,2.083,1.481,0.738,9.29,24.8,2.007,1.537,0.654,8.18,21.94
batch_test_3047,1.3964287787192613,2.264,1.552,0.62,11.0,22.19,2.039,1.464,0.643,7.93,19.44
batch_test_9702,1.3963749208461342,2.038,1.322,0.83,9.46,23.46,2.097,1.428,0.744,7.63,19.62
batch_test_8122,1.3963531223022108,1.934,1.357,0.76,9.64,24.07,1.939,1.381,0.666,7.25,18.32
batch_test_3229,1.3963293432905466,1.787,1.313,0.689,10.57,22.67,1.861,1.405,0.626,9.38,20.58
batch_test_1951,1.3961237300030147,2.143,1.394,0.788,8.55,22.51,2.195,1.218,0.757,6.58,17.55
batch_test_2906,1.3960709375993674,2.177,1.503,0.893,8.34,20.56,2.304,1.758,0.867,7.53,20.05
batch_test_4711,1.3959715806172093,2.019,1.44,0.793,10.95,22.5,2.077,1.519,0.757,7.17,14.84
batch_test_7154,1.3958543691792376,2.311,1.689,0.89,10.08,36.84,2.507,1.854,0.828,8.94,28.39
batch_test_1607,1.3958387468892344,2.302,1.525,0.799,13.13,42.37,2.584,1.638,0.768,12.41,36.34
batch_test_5791,1.3957166980036262,2.085,1.474,0.852,12.68,44.48,2.018,1.399,0.802,10.61,34.73
batch_test_2953,1.3949764951123846,2.262,1.563,0.898,14.08,60.41,2.201,1.623,0.846,13.24,40.05
batch_test_9291,1.3949096967766221,2.141,1.442,0.838,8.6,22.4,2.127,1.405,0.757,6.05,16.96
batch_test_9468,1.3946508630317882,1.925,1.305,0.782,10.7,24.58,1.817,1.358,0.707,8.98,20.16
batch_test_5049,1.3943419850029688,2.381,1.499,0.804,8.64,28.91,2.374,1.55,0.784,6.35,24.51
batch_test_5837,1.3935091223674902,2.289,1.571,0.865,12.68,55.9,2.177,1.422,0.81,10.88,36.95
batch_test_016,1.3932071265791117,2.247,1.477,0.89,9.73,37.34,2.436,1.689,0.842,8.96,31.92
batch_test_4976,1.392615428608429,2.043,1.452,0.826,8.35,20.03,2.17,1.519,0.77,7.25,16.62
batch_test_6475,1.3922857610182828,1.885,1.406,0.661,9.56,29.11,1.895,1.419,0.62,8.05,22.46
batch_test_7334,1.3921475764306488,2.249,1.563,0.84,11.56,33.77,2.119,1.569,0.793,9.86,25.28
batch_test_4019,1.3918739115119174,1.933,1.481,0.791,12.53,27.27,1.925,1.552,0.707,9.05,18.53
batch_test_9360,1.3917063647992394,1.933,1.365,0.814,9.26,22.76,1.92,1.396,0.732,6.07,14.8
batch_test_6749,1.391541067059542,1.995,1.341,0.776,9.82,21.64,1.868,1.372,0.692,7.21,18.56
batch_test_2959,1.39143355471376,2.095,1.49,0.846,13.57,54.06,2.191,1.551,0.802,12.6,37.76
batch_test_078,1.3914304284093617,2.405,1.723,0.857,11.37,36.42,2.517,1.8,0.814,10.5,29.15
batch_test_4568,1.3911696252967907,1.954,1.345,0.808,9.92,22.45,1.999,1.54,0.762,7.94,18.7
batch_test_9584,1.390896524436863,2.302,1.611,0.86,13.13,37.13,2.536,1.711,0.817,12.28,38.85
batch_test_2161,1.39035243015259,2.114,1.518,0.763,9.5,24.24,2.195,1.504,0.735,7.44,20.2
batch_test_8259,1.3903340755923033,2.031,1.346,0.841,13.42,29.17,2.267,1.609,0.794,13.2,30.84
batch_test_247,1.390302504111924,2.094,1.415,0.656,9.2,24.45,2.004,1.462,0.606,7.48,18.79
batch_test_9727,1.3902360581414608,2.149,1.523,0.8,10.86,29.81,1.992,1.407,0.705,8.66,24.98
batch_test_5361,1.3901693348376103,1.934,1.394,0.711,9.41,25.41,1.857,1.348,0.586,8.7,21.58
batch_test_729,1.3900647991865729,2.313,1.493,0.623,10.99,21.98,2.15,1.544,0.57,8.81,18.63
batch_test_8907,1.3899353345690513,2.136,1.332,0.679,9.73,23.2,1.916,1.355,0.614,7.5,18.25
batch_test_5559,1.388905131902315,1.9,1.316,0.786,11.84,26.74,1.814,1.344,0.72,9.55,20.62
batch_test_6722,1.3884065057773411,2.364,1.645,0.804,10.73,21.0,2.232,1.596,0.67,7.77,15.86
batch_test_6989,1.3883473548534626,2.157,1.582,0.866,9.35,25.76,2.208,1.618,0.8,7.29,18.38
batch_test_8320,1.3879972001095184,2.519,1.747,0.861,10.24,22.46,2.392,1.755,0.813,6.89,15.65
batch_test_1386,1.38788686655288,1.94,1.372,0.8,8.14,21.96,1.984,1.424,0.728,6.03,17.86
batch_test_6639,1.3872464651937118,2.327,1.626,0.878,10.95,28.57,2.446,1.591,0.831,11.03,32.31
batch_test_2332,1.3871440429750765,2.262,1.555,0.853,10.31,23.01,2.131,1.491,0.755,8.17,17.13
batch_test_8322,1.386884186544032,2.257,1.592,0.875,13.32,60.83,2.543,1.746,0.813,12.22,32.95
batch_test_1016,1.3867858718322226,2.09,1.437,0.631,10.78,23.72,1.711,1.264,0.512,7.25,17.13
batch_test_4326,1.3866712237090502,2.231,1.36,0.677,9.86,26.03,2.705,1.779,0.695,10.74,31.23
batch_test_6915,1.3857192338254039,1.962,1.429,0.627,10.77,25.16,1.82,1.382,0.473,7.83,17.38
batch_test_3060,1.385500233017178,1.896,1.306,0.79,9.1,19.87,1.784,1.337,0.708,7.1,14.7
batch_test_5399,1.3851164178935547,1.986,1.45,0.728,10.47,21.88,1.861,1.416,0.609,8.16,18.8
batch_test_7963,1.3849287614012806,2.346,1.523,0.857,10.45,22.33,2.395,1.584,0.783,8.42,19.64
batch_test_4715,1.384566651032983,2.306,1.556,0.822,9.64,21.7,2.217,1.478,0.725,7.45,17.0
batch_test_3258,1.3844060039045742,2.288,1.372,0.677,9.34,20.87,2.167,1.491,0.641,7.14,15.32
batch_test_8022,1.38388040450931,2.172,1.62,0.814,13.4,36.59,2.155,1.555,0.716,11.79,31.46
batch_test_9492,1.383813247211254,2.195,1.354,0.724,9.78,24.41,2.437,1.592,0.716,8.51,20.49
batch_test_320,1.3837776237471697,2.082,1.375,0.89,10.09,26.11,2.221,1.573,0.829,9.37,23.59
batch_test_1987,1.3837404928214392,2.167,1.429,0.878,10.39,22.8,2.006,1.425,0.775,8.34,18.65
batch_test_7730,1.3836851411264197,1.965,1.394,0.808,11.29,29.61,2.16,1.548,0.765,9.96,26.23
batch_test_5727,1.383446152087511,2.309,1.539,0.701,12.83,36.28,2.606,1.68,0.728,11.81,33.3
batch_test_4228,1.3829786391444958,2.078,1.474,0.783,9.71,22.21,2.148,1.496,0.663,7.85,19.19
batch_test_2154,1.3829635833730212,2.127,1.453,0.839,10.37,23.54,2.041,1.495,0.768,8.61,19.54
batch_test_3518,1.3829370834732635,2.09,1.341,0.801,9.42,23.33,2.025,1.425,0.72,9.01,20.4
batch_test_1111,1.3821841954546465,1.819,1.314,0.758,9.93,22.18,1.753,1.391,0.678,7.73,16.93
batch_test_9047,1.3819989965452475,2.133,1.558,0.786,14.6,32.2,2.138,1.561,0.756,12.9,26.01
batch_test_2706,1.3817339298587057,2.537,1.59,0.844,9.49,22.71,2.34,1.456,0.809,6.14,16.98
batch_test_9574,1.3816135869316484,1.887,1.271,0.798,8.36,19.68,2.09,1.422,0.722,7.72,15.85
batch_test_6691,1.3815817181790626,2.56,1.609,0.769,14.42,31.82,2.743,1.687,0.808,13.22,25.3
batch_test_2493,1.3812628407142165,2.176,1.453,0.742,11.72,31.6,2.126,1.489,0.733,9.53,26.68
batch_test_5246,1.3805673006559092,2.115,1.545,0.844,12.56,38.51,2.22,1.663,0.793,10.57,26.4
batch_test_9334,1.3804797357955034,1.947,1.329,0.772,9.95,23.58,1.904,1.356,0.679,7.88,18.16
batch_test_887,1.380445263024865,1.944,1.329,0.687,10.96,24.49,1.984,1.448,0.632,8.07,16.98
batch_test_9721,1.3803861280248069,1.961,1.306,0.839,7.95,20.65,2.031,1.483,0.768,6.9,18.64
batch_test_7460,1.3803104270114634,2.268,1.455,0.713,11.46,25.68,2.269,1.493,0.601,9.59,19.31
batch_test_1716,1.3802135249178589,1.836,1.295,0.834,10.17,21.48,1.813,1.361,0.77,7.56,16.72
batch_test_345,1.380110529892161,1.773,1.274,0.746,9.28,18.85,1.851,1.365,0.69,6.59,15.72
batch_test_8180,1.3801044770867947,2.391,1.737,0.843,9.7,24.54,2.504,1.592,0.791,8.86,22.86
batch_test_4689,1.3799489398220357,2.225,1.545,0.879,9.08,22.13,2.281,1.562,0.788,6.6,16.11
batch_test_833,1.3795399749227404,2.047,1.346,0.776,8.38,20.68,2.05,1.51,0.723,6.97,17.03
batch_test_8607,1.3794241575044006,2.426,1.652,0.86,12.99,32.78,2.618,1.715,0.836,11.44,29.49
batch_test_9151,1.3793909115224547,2.016,1.405,0.821,8.96,22.4,2.157,1.457,0.74,7.24,16.84
batch_test_7760,1.3793669919096652,2.3,1.69,0.777,11.43,38.84,2.281,1.693,0.71,9.57,28.59
batch_test_5348,1.3790608018110637,2.192,1.55,0.87,13.11,36.52,2.101,1.576,0.821,11.52,41.0
batch_test_6666,1.3788733486100038,1.899,1.413,0.854,10.16,45.48,2.159,1.59,0.8,9.54,40.12
batch_test_1350,1.3787536393752848,2.053,1.329,0.692,8.25,22.08,1.805,1.297,0.629,5.96,16.3
batch_test_7920,1.3786768430934404,1.881,1.26,0.666,10.77,22.68,1.892,1.307,0.638,9.32,19.58
batch_test_2854,1.3786304109908776,2.071,1.457,0.811,10.73,24.24,1.856,1.427,0.722,7.14,15.49
batch_test_4697,1.3783476925397622,2.04,1.407,0.779,10.09,24.94,2.025,1.478,0.698,9.51,23.06
batch_test_9463,1.3782416946482494,1.953,1.397,0.851,11.4,26.87,2.074,1.56,0.738,9.68,23.85
batch_test_6617,1.3778324969191384,1.902,1.255,0.83,9.25,22.66,1.869,1.32,0.75,6.74,16.4
batch_test_3168,1.3777339282907146,2.303,1.561,0.718,8.01,22.34,2.102,1.442,0.67,6.34,15.29
batch_test_5749,1.3777136278747397,2.008,1.399,0.879,9.84,24.07,2.163,1.494,0.81,6.96,15.95
batch_test_6032,1.3776203894410868,2.062,1.419,0.835,11.42,49.08,2.337,1.631,0.827,10.9,35.88
batch_test_300,1.3771788390672852,2.235,1.558,0.864,9.26,24.13,2.23,1.277,0.793,6.55,18.53
batch_test_5524,1.3771488478180411,1.912,1.325,0.781,9.24,23.13,1.868,1.398,0.699,7.45,19.82
batch_test_970,1.3769814073930573,1.942,1.453,0.733,10.23,22.49,2.047,1.528,0.717,8.54,18.71
batch_test_5645,1.376889339146008,2.324,1.547,0.719,12.73,24.2,2.007,1.406,0.645,9.56,19.26
batch_test_6496,1.3768228711876302,1.978,1.404,0.867,9.71,23.12,2.042,1.484,0.785,7.58,18.87
batch_test_5191,1.3767295601794283,2.118,1.255,0.745,9.28,20.63,1.947,1.392,0.668,7.76,18.29
batch_test_2217,1.3767285555018764,2.545,1.6,0.594,9.55,27.03,2.555,1.648,0.603,7.54,19.68
batch_test_8991,1.376472207909062,2.03,1.293,0.62,9.72,24.55,2.067,1.384,0.617,8.11,21.18
batch_test_3285,1.3764161199190887,2.448,1.749,0.772,11.58,40.98,2.216,1.604,0.751,9.34,23.09
batch_test_6638,1.3763254435794998,2.141,1.552,0.828,10.5,28.95,2.123,1.549,0.758,8.8,23.47
batch_test_4233,1.3758096763700518,1.973,1.397,0.715,9.18,22.34,1.919,1.398,0.677,6.25,15.52
batch_test_6990,1.3757971259867041,2.041,1.405,0.829,9.51,23.33,1.878,1.347,0.71,7.51,19.52
batch_test_7823,1.3757360301917618,1.888,1.329,0.832,9.35,21.35,1.918,1.394,0.718,7.76,19.07
batch_test_7160,1.3756083375937247,2.091,1.516,0.83,12.77,47.12,2.008,1.497,0.774,10.6,34.59
batch_test_9441,1.3754246152611644,2.191,1.558,0.636,9.56,23.63,2.163,1.548,0.613,8.19,20.24
batch_test_9943,1.3750369358998313,1.763,1.317,0.784,7.57,21.7,1.751,1.317,0.719,6.67,20.34
batch_test_5232,1.3749698597579223,2.003,1.307,0.717,9.2,22.57,2.165,1.463,0.691,7.42,19.41
batch_test_473,1.3747381985633385,2.149,1.437,0.837,8.26,22.81,2.098,1.447,0.771,6.19,19.95
batch_test_4611,1.374324219362335,2.218,1.523,0.753,9.65,26.26,2.095,1.441,0.691,6.64,23.71
batch_test_8004,1.3742336086233182,2.087,1.437,0.727,9.89,21.56,1.986,1.448,0.711,6.91,16.12
batch_test_3774,1.373945443038013,2.164,1.428,0.826,10.99,21.7,2.17,1.643,0.75,8.56,16.18
batch_test_3818,1.3739367897814545,2.146,1.501,0.805,10.84,37.16,2.352,1.581,0.787,10.2,35.93
batch_test_8773,1.3736709796692574,2.172,1.516,0.766,11.37,23.85,1.962,1.459,0.69,8.6,19.78
batch_test_6375,1.3735527915668455,2.324,1.459,0.843,8.7,21.14,2.074,1.438,0.767,5.59,13.51
batch_test_939,1.3734915154554765,2.11,1.436,0.83,9.7,24.11,2.03,1.435,0.757,6.93,16.33
batch_test_5525,1.373456260664426,2.465,1.612,0.844,9.59,24.23,2.459,1.618,0.777,7.73,18.31
batch_test_4071,1.3734043529403,2.218,1.486,0.747,13.23,37.63,2.046,1.458,0.664,10.43,29.28
batch_test_3968,1.3729711654308536,2.318,1.543,0.763,10.31,24.13,2.049,1.485,0.693,7.12,15.93
batch_test_6449,1.3729484436893467,1.967,1.324,0.764,9.04,21.73,1.994,1.408,0.642,6.97,18.14
batch_test_3000,1.372758260212359,2.247,1.54,0.772,9.01,22.07,2.07,1.468,0.724,6.76,18.58
batch_test_2992,1.3726914487314275,1.838,1.311,0.705,10.46,21.98,1.799,1.412,0.657,8.7,18.36
batch_test_4692,1.3725105168492444,2.151,1.449,0.86,10.0,21.99,2.184,1.587,0.816,7.18,16.7
batch_test_9000,1.372470642717294,2.151,1.461,0.791,14.32,66.51,2.213,1.572,0.771,13.64,44.41
batch_test_1096,1.3722725318495996,2.291,1.681,0.759,11.61,32.71,2.311,1.665,0.754,10.28,26.53
batch_test_1203,1.3721319545538972,2.265,1.525,0.757,9.95,21.52,2.078,1.642,0.657,8.24,18.89
batch_test_8404,1.3720360654035617,1.972,1.356,0.789,8.13,20.29,1.882,1.388,0.693,5.38,13.19
batch_test_7592,1.371676865802614,2.45,1.489,0.814,11.08,21.24,2.436,1.575,0.739,9.56,19.09
batch_test_5724,1.37153213890854,2.273,1.431,0.878,10.39,24.43,2.337,1.601,0.806,8.65,20.33
batch_test_9704,1.371520125298975,2.611,1.622,0.866,10.8,54.36,2.702,1.703,0.856,9.63,31.06
batch_test_4390,1.371510436536155,2.113,1.398,0.859,11.25,25.62,2.158,1.497,0.804,8.08,17.62
batch_test_4801,1.3715062542167997,2.136,1.508,0.873,8.4,18.44,2.182,1.524,0.83,6.93,16.17
batch_test_667,1.3714195721291014,2.305,1.428,0.786,8.93,31.28,2.515,1.789,0.833,10.12,33.12
batch_test_8339,1.3713523941392562,2.239,1.498,0.72,10.36,24.35,2.253,1.556,0.73,8.45,20.72
batch_test_4456,1.3711030314832289,2.28,1.645,0.823,10.35,29.49,2.504,1.739,0.807,9.31,27.02
batch_test_4839,1.3710965028603894,2.048,1.445,0.83,9.53,23.1,1.857,1.417,0.75,6.54,16.26
batch_test_8756,1.370967132256399,2.116,1.599,0.726,11.69,25.37,2.124,1.597,0.656,8.68,17.62
batch_test_1892,1.370503375921802,2.453,1.621,0.786,11.43,37.62,2.753,1.72,0.828,8.76,28.32
batch_test_4029,1.3704904589133364,2.104,1.55,0.861,12.46,36.03,2.241,1.632,0.812,10.39,33.22
batch_test_4291,1.370388685420167,2.21,1.557,0.903,10.97,49.46,2.614,1.787,0.88,10.45,37.11
batch_test_9351,1.3703886222276522,2.579,1.655,0.691,10.92,31.42,2.838,1.885,0.854,10.82,34.63
batch_test_5512,1.3700833530102168,1.99,1.384,0.703,8.64,21.48,1.995,1.409,0.677,7.48,18.45
batch_test_274,1.3699389078632636,2.175,1.459,0.82,9.67,21.84,2.109,1.484,0.712,7.15,16.08
batch_test_7391,1.3699195050055324,2.153,1.417,0.896,10.23,35.25,2.366,1.56,0.851,9.48,29.62
batch_test_1379,1.3698375120947224,2.025,1.334,0.759,9.11,24.58,2.097,1.385,0.709,7.73,21.21
batch_test_9958,1.3696317303974066,1.904,1.345,0.811,11.3,25.68,1.935,1.387,0.723,8.55,20.87
batch_test_7685,1.3696006053179275,2.31,1.575,0.906,8.76,20.68,2.182,1.524,0.824,6.56,15.36
batch_test_9717,1.3693116478650467,2.096,1.541,0.846,8.68,21.24,2.194,1.562,0.766,6.37,17.02
batch_test_5842,1.3691290482465373,2.452,1.564,0.774,10.09,22.54,2.274,1.516,0.656,6.98,15.11
batch_test_1052,1.3689442683233177,2.397,1.559,0.781,9.24,20.85,2.252,1.645,0.711,7.21,16.96
batch_test_2051,1.3688245612437866,2.335,1.53,0.748,9.18,22.72,1.957,1.341,0.644,6.07,15.82
batch_test_4164,1.3688192422714398,2.018,1.356,0.767,10.74,23.31,1.777,1.32,0.688,7.6,15.78
batch_test_8815,1.3687260026107584,2.014,1.364,0.737,8.28,20.48,1.796,1.298,0.633,5.91,14.28
batch_test_4741,1.368689453894337,2.064,1.488,0.811,9.72,26.81,2.02,1.411,0.718,7.72,24.56
batch_test_2800,1.368574766502809,2.265,1.348,0.873,12.07,34.41,2.344,1.418,0.838,11.14,32.05
batch_test_8085,1.3685341293105338,2.133,1.443,0.826,9.94,21.57,2.16,1.54,0.755,7.6,16.79
batch_test_8984,1.3685286886340915,2.004,1.352,0.816,9.86,23.82,2.126,1.478,0.741,7.52,18.1
batch_test_6653,1.3685078135860298,2.073,1.615,0.756,11.0,23.36,2.263,1.744,0.744,9.98,21.58
batch_test_3696,1.3684850368985133,2.15,1.48,0.804,10.2,23.18,2.139,1.451,0.748,7.84,18.33
batch_test_2072,1.3684421150506365,2.157,1.4,0.822,9.59,22.6,2.046,1.493,0.715,7.24,15.88
batch_test_1131,1.368249935592881,2.065,1.472,0.846,10.49,32.09,2.188,1.556,0.802,9.78,28.73
batch_test_4385,1.368195661474258,2.05,1.481,0.85,10.44,25.56,2.235,1.665,0.788,9.39,23.23
batch_test_1728,1.3681259608750997,2.065,1.348,0.687,10.68,23.04,1.857,1.365,0.616,8.33,16.2
batch_test_5112,1.3680898137200934,2.578,1.646,0.595,10.25,26.59,2.475,1.592,0.58,7.23,17.1
batch_test_4356,1.3680779327855745,2.062,1.469,0.78,10.69,23.55,1.99,1.433,0.672,8.25,18.13
batch_test_3856,1.3677498642537254,2.041,1.456,0.75,8.68,18.76,1.824,1.227,0.624,5.22,14.71
batch_test_5977,1.3676972662816054,2.13,1.553,0.861,9.89,23.48,2.231,1.66,0.792,8.16,19.06
batch_test_8887,1.3675718621051396,2.097,1.454,0.753,11.96,26.48,1.966,1.43,0.675,9.18,18.93
batch_test_8323,1.3673373506526125,2.381,1.588,0.905,12.69,38.22,2.383,1.581,0.849,11.41,31.84
batch_test_430,1.3672809822275762,2.254,1.542,0.852,8.89,23.83,2.355,1.582,0.808,7.75,20.59
batch_test_2490,1.3672791119234358,2.016,1.35,0.84,10.38,21.98,1.953,1.399,0.772,8.1,18.68
batch_test_6612,1.366888116915804,2.125,1.459,0.795,11.6,26.1,2.097,1.432,0.689,9.4,22.0
batch_test_6258,1.3668623196361664,2.376,1.326,0.835,10.34,21.28,2.25,1.56,0.787,8.0,15.83
batch_test_9736,1.3666665471936388,2.244,1.487,0.806,8.62,21.28,2.01,1.414,0.739,6.49,15.53
batch_test_291,1.3666281474295698,2.141,1.62,0.874,11.57,46.4,2.344,1.72,0.806,9.63,32.5
batch_test_9004,1.366367879222433,1.965,1.356,0.828,10.26,23.2,1.998,1.436,0.721,8.15,18.79
batch_test_4309,1.366170340849394,2.121,1.505,0.749,11.77,27.42,1.974,1.483,0.681,9.0,18.26
batch_test_5682,1.3660010067225952,2.009,1.408,0.715,10.46,22.58,1.98,1.348,0.647,7.0,15.11
batch_test_5027,1.3659798730997785,1.796,1.216,0.799,9.11,20.27,2.115,1.486,0.765,7.53,18.19
batch_test_7472,1.36591198264414,1.975,1.353,0.798,11.84,27.07,2.011,1.423,0.686,9.3,21.27
batch_test_1044,1.3655669868084135,2.04,1.302,0.863,8.69,22.66,1.916,1.293,0.771,6.48,18.08
batch_test_7573,1.3654321389651924,2.215,1.484,0.783,10.73,35.91,2.153,1.487,0.746,9.16,30.87
batch_test_9107,1.3652574875402455,2.278,1.508,0.626,9.85,22.22,2.231,1.514,0.657,8.28,19.35
batch_test_9607,1.3651393064565716,2.04,1.396,0.766,9.76,24.51,2.021,1.393,0.731,7.9,20.42
batch_test_8679,1.3651172342693965,2.033,1.315,0.829,8.07,19.96,2.102,1.431,0.742,6.67,18.39
batch_test_5573,1.3650726022034099,2.335,1.518,0.672,9.43,24.99,2.442,1.678,0.694,7.37,22.08
batch_test_6837,1.3650227882965358,2.075,1.421,0.865,8.98,23.42,2.112,1.478,0.796,6.76,16.14
batch_test_6573,1.3647070441871958,2.211,1.625,0.885,9.56,22.92,2.309,1.655,0.83,7.56,17.57
batch_test_5087,1.3644781356667348,2.059,1.417,0.858,9.49,21.06,2.137,1.523,0.771,5.85,12.09
batch_test_8491,1.3644025691164048,2.013,1.393,0.663,10.5,27.02,1.933,1.303,0.626,7.88,20.83
batch_test_4122,1.3643312474397127,2.08,1.461,0.797,10.71,21.93,1.938,1.488,0.695,8.37,16.87
batch_test_7896,1.3642021638840438,1.92,1.323,0.872,9.44,21.99,2.17,1.431,0.824,7.14,18.99
batch_test_5375,1.3641514825888579,2.234,1.506,0.793,10.49,23.33,2.313,1.536,0.73,8.12,20.05
batch_test_1392,1.3641029583581177,2.044,1.345,0.818,9.2,22.09,1.979,1.357,0.78,6.71,15.98
batch_test_1481,1.364056017511195,2.487,1.514,0.879,10.44,25.46,2.656,1.917,0.838,11.26,32.02
batch_test_5085,1.3637220991115016,2.296,1.33,0.773,9.15,20.99,2.194,1.479,0.735,7.85,17.34
batch_test_7114,1.3636496587256712,2.015,1.382,0.838,13.76,49.33,2.304,1.552,0.798,12.94,34.89
batch_test_6334,1.3634657782833053,2.145,1.556,0.859,10.76,27.38,2.008,1.47,0.76,8.58,20.94
batch_test_278,1.3632412903097213,2.226,1.442,0.845,13.27,33.34,2.12,1.485,0.76,10.87,34.6
batch_test_3930,1.3632292129972587,2.157,1.55,0.848,9.36,24.65,2.097,1.486,0.759,6.88,18.66
batch_test_6122,1.363000598468882,2.012,1.351,0.763,10.53,23.5,1.783,1.315,0.686,7.56,18.13
batch_test_2298,1.362941805160065,2.098,1.426,0.814,10.0,19.98,2.065,1.411,0.708,8.17,17.52
batch_test_101,1.362589108091995,2.222,1.508,0.765,9.43,27.66,2.127,1.478,0.716,7.2,21.4
batch_test_8852,1.3624579642453936,1.903,1.391,0.839,12.15,55.4,2.113,1.551,0.801,11.58,37.98
batch_test_5911,1.3623892950783534,2.048,1.477,0.857,11.42,22.28,1.989,1.458,0.787,9.74,18.67
batch_test_9691,1.3620534584625446,2.148,1.422,0.786,8.28,20.96,2.112,1.479,0.746,7.29,18.6
batch_test_7498,1.36192436813042,2.082,1.489,0.795,10.9,28.95,1.877,1.363,0.709,8.4,27.27
batch_test_8018,1.361886732732667,1.934,1.498,0.814,8.81,31.24,2.01,1.602,0.765,8.5,29.72
batch_test_9194,1.3616998701430736,2.135,1.427,0.811,9.39,25.06,1.908,1.338,0.714,6.54,17.16
batch_test_2070,1.3616434091864003,2.129,1.617,0.71,12.0,24.62,2.002,1.532,0.592,9.36,16.62
batch_test_4963,1.361304133766843,1.963,1.063,0.61,10.07,23.01,1.95,1.374,0.581,7.96,20.01
batch_test_9950,1.3611836572964555,1.939,1.394,0.817,10.34,28.12,1.932,1.415,0.741,7.88,19.13
batch_test_9385,1.3609395364251533,2.287,1.474,0.715,12.96,23.55,2.215,1.452,0.618,11.08,20.83
batch_test_9190,1.3605772260476976,2.05,1.409,0.757,9.96,22.49,1.965,1.371,0.732,7.08,16.34
batch_test_1255,1.3605598614533103,1.968,1.435,0.787,10.13,22.9,1.93,1.37,0.713,7.43,18.65
batch_test_9054,1.3605263319222205,1.895,1.343,0.814,10.12,21.32,1.987,1.442,0.734,8.15,18.73
batch_test_6791,1.3605003755223657,2.033,1.35,0.832,13.09,31.02,2.279,1.497,0.771,11.73,24.83
batch_test_9456,1.3604651864931612,1.924,1.226,0.867,10.07,25.81,2.124,1.584,0.795,9.28,26.07
batch_test_8894,1.3603486218701253,2.266,1.434,0.643,9.8,22.18,2.181,1.474,0.651,7.48,15.86
batch_test_653,1.3602430437456254,2.053,1.396,0.671,8.49,20.79,1.905,1.368,0.607,6.94,16.73
batch_test_4077,1.3601320456339223,2.369,1.624,0.735,13.38,37.05,2.229,1.565,0.706,11.64,32.4
batch_test_9602,1.3601016931126297,1.942,1.339,0.851,10.17,22.79,2.024,1.469,0.782,8.7,19.2
batch_test_4283,1.3600967442830778,2.186,1.518,0.759,10.61,23.15,2.317,1.687,0.703,8.58,18.42
batch_test_1923,1.359991672441057,1.956,1.31,0.812,10.94,22.99,1.994,1.449,0.722,8.57,18.44
batch_test_3113,1.3598019808579287,2.065,1.519,0.826,11.61,27.06,2.121,1.588,0.747,9.2,19.91
batch_test_8940,1.359778711845708,2.675,1.694,0.834,12.93,23.37,2.823,1.717,0.79,12.46,24.04
batch_test_6276,1.3597742443625505,1.633,1.218,0.778,9.65,21.56,1.592,1.25,0.682,7.4,17.41
batch_test_264,1.3595627253824683,2.057,1.37,0.858,8.34,21.9,1.97,1.338,0.791,6.23,18.17
batch_test_6887,1.3594015545910483,1.902,1.468,0.846,10.13,26.86,2.061,1.534,0.797,8.78,24.04
batch_test_6802,1.3593971602145491,2.174,1.474,0.842,9.18,21.08,2.142,1.542,0.784,7.26,17.22
batch_test_3555,1.3593655126134734,1.994,1.331,0.825,8.49,20.18,2.04,1.402,0.778,6.62,16.79
batch_test_6672,1.359292747194461,1.994,1.429,0.651,8.64,24.2,2.08,1.441,0.637,7.78,20.19
batch_test_9530,1.3591500559561753,2.097,1.461,0.791,8.24,21.4,1.859,1.367,0.738,4.96,14.41
batch_test_4613,1.3591340751941665,2.322,1.527,0.776,9.95,25.64,2.097,1.5,0.711,8.98,24.19
batch_test_5396,1.3590871311447095,1.782,1.321,0.799,7.58,22.29,1.965,1.473,0.736,6.17,16.73
batch_test_1674,1.3588920159423812,1.965,1.499,0.859,8.08,22.69,1.977,1.473,0.753,5.55,17.75
batch_test_6135,1.3586787262130395,1.952,1.238,0.658,9.33,23.82,1.961,1.301,0.642,7.91,19.98
batch_test_6524,1.3585286258725153,1.971,1.414,0.81,9.68,23.39,2.057,1.453,0.733,7.28,18.52
batch_test_2247,1.3584155487142042,2.406,1.638,0.751,10.07,22.49,2.495,1.428,0.737,8.26,18.88
batch_test_1622,1.3583556729179351,2.167,1.307,0.878,9.37,20.71,2.156,1.424,0.817,8.26,17.04
batch_test_3056,1.3582868463121813,1.961,1.4,0.814,8.54,21.49,2.067,1.444,0.748,6.49,17.21
batch_test_7287,1.3582860683431028,1.902,1.361,0.811,10.31,23.48,1.991,1.441,0.713,7.86,20.63
batch_test_9068,1.3579332452224477,2.364,1.449,0.724,9.53,21.83,1.932,1.381,0.659,6.39,14.69
batch_test_6614,1.357871239878291,2.087,1.426,0.806,9.57,20.04,1.843,1.325,0.701,6.06,14.64
batch_test_2074,1.3578532520949957,2.015,1.385,0.762,10.77,23.4,1.829,1.339,0.664,8.27,17.62
batch_test_1331,1.357815062028006,2.269,1.567,0.824,9.74,24.47,2.365,1.546,0.733,8.49,20.35
batch_test_2112,1.3577920104101686,2.111,1.457,0.819,9.63,23.99,2.053,1.416,0.753,7.36,18.03
batch_test_828,1.3577277991510672,1.965,1.565,0.857,9.28,23.03,1.962,1.582,0.78,6.89,16.31
batch_test_6316,1.3574663708848629,2.503,1.749,0.738,12.57,30.71,2.379,1.675,0.743,11.16,28.16
batch_test_781,1.357368696663278,1.919,1.367,0.716,8.07,19.94,1.994,1.444,0.653,6.18,15.78
batch_test_6388,1.357240801503504,2.259,1.59,0.669,11.53,32.32,2.24,1.528,0.66,10.28,28.52
batch_test_4386,1.3572114072692703,2.071,1.478,0.771,9.33,24.22,1.903,1.391,0.663,7.42,19.62
batch_test_2848,1.357198823764186,1.988,1.307,0.763,8.28,19.58,1.98,1.342,0.682,5.35,14.71
batch_test_4038,1.3571368272069888,1.997,1.319,0.742,9.2,22.31,1.877,1.306,0.642,6.53,17.37
batch_test_2775,1.3570344844425388,1.988,1.361,0.737,8.37,22.36,2.028,1.414,0.709,6.62,19.72
batch_test_599,1.3570028344806713,1.965,1.331,0.806,9.22,24.56,1.916,1.336,0.726,7.77,19.64
batch_test_4234,1.356967994138611,2.178,1.561,0.787,11.92,29.18,2.141,1.473,0.745,8.59,18.33
batch_test_3035,1.3569205527997155,1.996,1.294,0.87,8.3,19.34,2.08,1.423,0.814,6.1,15.15
batch_test_5490,1.3568343329384223,1.958,1.406,0.826,10.96,26.39,1.937,1.405,0.759,8.46,20.16
batch_test_1099,1.3568141658822142,1.879,1.272,0.824,10.52,22.63,1.842,1.278,0.683,7.84,18.31
batch_test_9141,1.356544674139203,2.313,1.417,0.855,9.11,22.66,2.352,1.685,0.807,7.73,17.08
batch_test_2829,1.3564749592964325,2.129,1.533,0.646,12.3,25.18,2.099,1.583,0.583,10.0,22.93
batch_test_443,1.3564602751206216,1.994,1.338,0.757,9.75,23.11,2.066,1.551,0.739,7.69,18.11
batch_test_760,1.3563671477647365,2.053,1.334,0.832,7.79,20.87,1.994,1.299,0.743,5.29,13.34
batch_test_504,1.356358549807311,1.92,1.386,0.813,8.75,24.03,2.004,1.438,0.746,6.68,16.64
batch_test_601,1.3561489179811446,1.967,1.454,0.799,11.63,29.18,2.152,1.515,0.739,12.65,36.48
batch_test_5322,1.3560943952045679,1.968,1.343,0.808,11.83,27.76,1.918,1.375,0.742,9.7,20.24
batch_test_9760,1.3558483865016178,2.042,1.448,0.816,8.27,22.85,2.234,1.536,0.77,7.4,21.01
batch_test_9954,1.355619048737282,2.109,1.452,0.75,10.21,22.2,2.209,1.468,0.774,8.2,19.92
batch_test_6718,1.3553217404159126,2.175,1.452,0.851,12.19,53.74,2.443,1.617,0.797,11.34,35.43
batch_test_2007,1.3553094814460425,2.163,1.606,0.848,12.41,42.26,2.212,1.593,0.786,10.54,28.16
batch_test_3683,1.3551784138485263,1.718,1.244,0.774,15.72,73.4,2.011,1.5,0.707,15.21,53.16
batch_test_3015,1.354823952120705,1.861,1.382,0.813,9.83,23.34,1.892,1.368,0.757,7.5,19.37
batch_test_523,1.354823575248658,1.832,1.226,0.763,10.94,24.67,1.866,1.372,0.692,8.46,18.37
batch_test_7104,1.3545123233353191,2.586,1.663,0.662,10.12,23.69,2.785,1.74,0.857,8.82,20.83
batch_test_4004,1.354369861266099,2.146,1.424,0.682,8.38,22.85,2.015,1.41,0.59,6.57,17.18
batch_test_1970,1.3541855549460382,2.219,1.304,0.871,11.63,31.67,2.372,1.623,0.826,11.07,32.53
batch_test_189,1.3541666835275201,2.157,1.47,0.818,9.15,21.87,2.21,1.647,0.776,9.04,21.91
batch_test_6204,1.3540708170849998,1.868,1.295,0.724,8.31,23.53,1.874,1.435,0.663,7.12,18.75
batch_test_7537,1.3540355271284008,2.35,1.527,0.875,8.91,23.14,2.118,1.427,0.8,5.97,14.16
batch_test_4321,1.3537072908275665,2.054,1.275,0.79,10.23,21.33,2.009,1.47,0.706,8.7,19.49
batch_test_279,1.3536895352765503,1.903,1.298,0.804,7.6,19.35,1.989,1.358,0.71,6.1,17.77
batch_test_5788,1.3535694803401184,2.395,1.524,0.572,13.49,53.29,2.609,1.774,0.562,12.49,41.7
batch_test_1600,1.3534380393735026,2.056,1.404,0.845,11.87,36.31,2.18,1.451,0.791,10.99,32.06
batch_test_2617,1.3534194467643097,1.988,1.491,0.807,9.52,21.42,1.938,1.507,0.739,7.65,16.19
batch_test_3485,1.3533897922829428,2.059,1.305,0.711,9.05,20.06,2.071,1.456,0.677,7.44,17.46
batch_test_255,1.3532611415375868,2.078,1.547,0.702,8.34,19.75,1.993,1.478,0.663,5.75,14.17
batch_test_4748,1.3531429678086426,2.104,1.489,0.752,9.57,23.45,2.127,1.53,0.672,8.37,20.15
batch_test_3242,1.3529644909687168,1.985,1.385,0.81,9.91,21.5,1.941,1.429,0.739,8.22,17.56
batch_test_4251,1.3529055952042939,2.081,1.532,0.716,12.92,54.75,2.431,1.735,0.697,11.74,36.88
batch_test_4471,1.352890412582387,1.987,1.394,0.712,9.35,23.37,2.084,1.529,0.695,7.04,18.59
batch_test_1854,1.352694760254673,2.299,1.422,0.846,7.69,20.23,2.194,1.442,0.818,5.95,16.34
batch_test_4706,1.3526061214504241,2.065,1.438,0.761,13.85,50.42,2.188,1.51,0.702,12.85,34.66
batch_test_2602,1.3525826438902575,2.311,1.462,0.812,10.14,22.26,2.112,1.495,0.737,7.56,16.09
batch_test_8949,1.3525619724609474,2.421,1.572,0.844,9.92,23.39,2.37,1.538,0.789,7.7,17.53
batch_test_8506,1.3523859675029595,2.39,1.505,0.603,8.88,23.37,2.164,1.49,0.574,7.01,17.51
batch_test_6051,1.352343793118123,2.28,1.53,0.893,10.05,24.79,2.006,1.442,0.832,6.66,15.88
batch_test_6451,1.3519878527255484,1.722,1.291,0.811,11.11,31.02,2.045,1.489,0.757,9.23,25.45
batch_test_1337,1.3519053000116898,2.627,1.651,0.643,8.33,18.3,2.388,1.67,0.729,5.53,12.7
batch_test_583,1.3517937152129575,2.064,1.426,0.789,9.9,26.95,1.974,1.392,0.649,7.66,21.26
batch_test_8206,1.351653587213228,1.966,1.35,0.819,10.44,22.01,1.969,1.414,0.723,7.66,17.67
batch_test_9789,1.351557881524291,2.131,1.286,0.787,9.73,20.91,2.097,1.382,0.674,8.11,17.34
batch_test_2558,1.3515121401365287,2.112,1.417,0.791,10.79,24.82,2.116,1.459,0.687,8.69,21.17
batch_test_584,1.3513001699468377,2.284,1.563,0.833,10.14,23.77,2.122,1.486,0.748,8.47,20.98
batch_test_5357,1.3512498101360322,2.328,1.501,0.851,10.37,25.16,2.249,1.538,0.775,8.35,20.83
batch_test_9180,1.3512440391581884,2.011,1.363,0.765,8.76,18.25,1.903,1.408,0.674,6.51,19.17
batch_test_9371,1.351243489950082,2.004,1.488,0.82,10.6,25.78,2.078,1.598,0.699,9.08,20.16
batch_test_250,1.3512037217554285,1.889,1.364,0.726,10.43,31.74,1.958,1.416,0.687,8.37,24.12
batch_test_7707,1.351173373900022,2.169,1.567,0.821,9.28,25.03,2.143,1.563,0.761,7.85,19.23
batch_test_847,1.3511289603633019,1.906,1.364,0.765,12.78,39.33,1.987,1.473,0.726,11.99,32.15
batch_test_2716,1.3511258958212071,2.231,1.414,0.762,10.29,24.5,1.984,1.395,0.644,8.33,19.86
batch_test_3815,1.3510870351439663,2.125,1.547,0.868,9.82,24.75,2.191,1.571,0.82,8.62,22.12
batch_test_3284,1.3509439500539484,2.211,1.566,0.827,12.99,31.57,2.288,1.686,0.786,12.56,30.61
batch_test_1611,1.3509316634331656,1.977,1.325,0.818,9.8,20.17,1.989,1.326,0.734,7.01,16.61
batch_test_4036,1.3509146317696858,1.604,1.276,0.734,12.11,32.61,1.996,1.499,0.672,12.32,31.77
batch_test_8203,1.3508952356932464,2.122,1.36,0.793,9.97,22.24,2.232,1.488,0.727,8.47,17.94
batch_test_2956,1.3508437370659065,1.976,1.348,0.793,9.2,22.65,1.917,1.381,0.713,7.4,17.89
batch_test_8721,1.3507984153300163,2.436,1.628,0.74,9.59,23.2,2.554,1.794,0.718,8.02,17.73
batch_test_1346,1.3507982131200904,2.045,1.496,0.759,11.74,23.35,1.775,1.464,0.691,7.81,15.54
batch_test_2446,1.3505552633623155,2.037,1.341,0.795,9.77,21.48,1.775,1.273,0.697,7.33,15.32
batch_test_3190,1.35055274274865,2.126,1.443,0.777,10.05,25.14,1.977,1.411,0.713,7.41,18.46
batch_test_5076,1.35024347262791,2.0,1.338,0.834,9.1,22.65,2.004,1.487,0.772,8.01,18.87
batch_test_3742,1.3502394160588471,2.147,1.513,0.803,11.27,25.12,2.258,1.449,0.744,9.21,20.76
batch_test_9314,1.35020820685112,2.237,1.554,0.885,12.35,32.01,2.255,1.591,0.835,10.78,26.43
batch_test_9979,1.3501031946204094,2.478,1.469,0.844,10.58,20.43,2.337,1.426,0.783,7.33,14.46
batch_test_4524,1.350047722979037,2.025,1.371,0.862,10.24,21.45,1.82,1.363,0.754,7.54,17.06
batch_test_8579,1.3500455661735913,2.35,1.657,0.694,8.41,20.54,2.173,1.531,0.744,6.6,17.5
batch_test_3271,1.3499881137849221,2.191,1.203,0.702,9.85,22.33,2.141,1.376,0.807,7.91,18.38
batch_test_1980,1.3499507976148162,2.153,1.451,0.832,10.05,28.89,2.436,1.67,0.799,9.02,27.65
batch_test_129,1.349927194741322,2.178,1.415,0.66,7.51,21.79,2.261,1.471,0.658,6.35,16.75
batch_test_1476,1.3498029763707895,1.995,1.346,0.871,10.71,23.91,2.081,1.443,0.801,8.29,18.68
batch_test_8123,1.349755663762112,1.941,1.402,0.794,8.89,22.98,1.98,1.447,0.737,7.24,18.78
batch_test_5273,1.349549648682992,2.57,1.695,0.738,9.93,19.86,2.708,1.779,0.726,9.02,20.1
batch_test_8307,1.3494243187880253,1.929,1.481,0.781,8.32,20.64,1.813,1.381,0.686,6.38,14.86
batch_test_1292,1.3494016240110769,2.288,1.498,0.78,8.8,23.63,2.161,1.412,0.707,6.11,16.24
batch_test_4355,1.3491851093146434,1.911,1.361,0.804,10.79,24.07,1.655,1.279,0.714,7.95,17.3
batch_test_7713,1.3491096526388375,2.113,1.452,0.858,9.58,22.03,2.043,1.455,0.755,6.86,17.38
batch_test_4640,1.349036568418144,2.019,1.418,0.779,11.92,26.25,2.021,1.489,0.677,9.4,23.51
batch_test_7051,1.348749358343155,2.107,1.375,0.735,8.8,20.49,2.018,1.451,0.679,5.52,13.17
batch_test_5123,1.3487474901218752,2.521,1.735,0.78,8.95,23.41,2.497,1.703,0.745,7.48,18.06
batch_test_6519,1.3486708161271133,2.139,1.453,0.773,11.83,23.28,2.009,1.485,0.711,7.91,14.97
batch_test_9138,1.3485889582869985,1.675,1.219,0.812,9.69,22.27,1.667,1.217,0.729,6.09,14.8
batch_test_396,1.3485826820169435,1.912,1.313,0.769,8.93,25.2,2.025,1.452,0.75,7.62,20.16
batch_test_3617,1.348426029644354,2.238,1.523,0.813,9.87,23.32,2.174,1.569,0.799,7.69,18.85
batch_test_547,1.3484072696768266,2.276,1.557,0.868,13.36,45.4,2.149,1.535,0.785,11.09,37.86
batch_test_5238,1.3483963504780707,2.113,1.355,0.798,11.27,26.23,2.152,1.408,0.72,9.16,21.69
batch_test_6903,1.3483280347129436,1.999,1.417,0.746,8.11,20.44,1.749,1.291,0.647,4.78,16.38
batch_test_7482,1.3483137238030967,1.702,1.28,0.802,9.62,23.64,1.929,1.39,0.74,8.16,18.16
batch_test_3491,1.3482695716792594,2.162,1.334,0.769,14.74,32.69,2.263,1.484,0.677,13.32,30.84
batch_test_6274,1.348056268457914,2.046,1.376,0.811,11.35,23.98,1.944,1.368,0.726,7.87,17.64
batch_test_1021,1.347841925958709,2.095,1.379,0.787,9.57,23.91,1.967,1.4,0.659,6.92,20.67
batch_test_4800,1.3478143693753464,1.83,1.268,0.715,10.44,22.76,1.764,1.264,0.616,7.43,16.7
batch_test_803,1.3476823617461,2.352,1.492,0.772,8.16,18.48,2.071,1.425,0.697,5.3,13.21
batch_test_4332,1.3475538968306187,2.095,1.539,0.795,11.56,23.19,1.915,1.359,0.704,6.94,15.29
batch_test_9762,1.3475153718580561,1.897,1.428,0.831,9.47,21.65,1.838,1.394,0.765,6.7,15.6
batch_test_882,1.3475062875090966,2.815,1.658,0.74,11.1,27.16,2.695,1.711,0.789,8.34,19.37
batch_test_6477,1.3473828303303548,2.112,1.564,0.806,11.59,27.7,2.105,1.55,0.729,10.45,24.66
batch_test_575,1.3473258099293512,2.193,1.497,0.816,11.11,25.65,2.212,1.498,0.725,8.84,21.14
batch_test_9443,1.3472975114247299,2.146,1.346,0.82,6.56,19.24,2.017,1.315,0.763,4.67,16.06
batch_test_4464,1.3471008623733969,2.039,1.298,0.815,9.39,22.12,1.981,1.394,0.729,7.09,16.78
batch_test_6166,1.3469604172490406,1.83,1.38,0.789,6.89,19.23,1.877,1.329,0.722,6.4,15.36
batch_test_7246,1.3469442030677399,1.908,1.31,0.852,9.33,20.02,1.833,1.37,0.745,6.19,12.65
batch_test_6892,1.3468858057254716,2.196,1.514,0.856,13.03,41.51,2.136,1.511,0.742,10.34,27.34
batch_test_427,1.3468426322925924,2.108,1.36,0.722,10.32,24.85,2.033,1.385,0.62,7.05,16.65
batch_test_5711,1.3468199358696458,1.932,1.451,0.761,9.99,22.63,1.866,1.446,0.708,8.29,20.52
batch_test_1050,1.346608516146952,1.706,1.154,0.724,7.63,18.89,1.86,1.245,0.651,7.32,21.46
batch_test_8488,1.3465570206083641,1.964,1.363,0.624,13.76,47.83,2.263,1.566,0.616,13.74,34.78
batch_test_172,1.346540806588735,2.502,1.601,0.592,10.72,22.9,2.369,1.566,0.718,8.7,18.03
batch_test_5281,1.3465086960864856,2.092,1.46,0.765,9.87,23.91,1.887,1.433,0.641,6.76,17.75
batch_test_4235,1.3463220461512386,2.301,1.589,0.818,9.67,21.26,2.34,1.674,0.767,7.93,16.89
batch_test_3508,1.3463198625694734,2.152,1.475,0.774,9.67,22.47,1.999,1.449,0.688,7.17,16.91
batch_test_2984,1.3463109145204388,2.394,1.529,0.806,8.44,22.26,2.418,1.515,0.769,6.99,15.63
batch_test_4803,1.3462485343415511,2.032,1.442,0.606,11.93,26.11,2.017,1.467,0.53,11.03,21.52
batch_test_5294,1.3462468581011278,2.016,1.437,0.84,9.48,23.34,2.03,1.418,0.752,6.57,17.27
batch_test_9120,1.3462261065381376,2.219,1.58,0.86,9.29,23.95,2.173,1.523,0.778,7.03,19.04
batch_test_448,1.3461787121433222,2.096,1.449,0.77,9.1,22.29,1.884,1.37,0.69,6.28,16.79
batch_test_7273,1.3461094271193514,1.832,1.303,0.778,8.47,19.82,1.873,1.39,0.694,6.24,14.87
batch_test_432,1.3459727603909841,2.21,1.535,0.723,10.4,31.27,2.312,1.589,0.702,9.29,24.69
batch_test_2810,1.3459254390263804,1.948,1.313,0.693,8.98,22.91,1.835,1.295,0.69,7.02,16.87
batch_test_7627,1.3458169116985337,2.049,1.486,0.833,9.53,24.87,2.244,1.548,0.775,7.57,20.13
batch_test_104,1.345763170737055,1.89,1.336,0.678,9.49,22.2,1.935,1.411,0.597,9.58,20.68
batch_test_4583,1.3457003554266618,2.01,1.431,0.76,8.81,22.08,2.226,1.573,0.77,7.41,20.56
batch_test_1000,1.34556209110147,2.11,1.456,0.815,12.32,30.92,2.34,1.637,0.797,12.55,34.34
batch_test_4165,1.3452885450072194,2.274,1.54,0.82,13.92,26.41,2.356,1.436,0.728,11.52,22.05
batch_test_9144,1.345142055793013,1.791,1.345,0.736,9.89,23.89,1.771,1.397,0.653,7.41,18.26
batch_test_8870,1.3450814285357378,1.977,1.491,0.867,11.59,35.46,2.001,1.575,0.793,10.45,28.76
batch_test_563,1.3450047664757103,2.023,1.36,0.838,10.37,24.62,1.923,1.361,0.745,7.08,17.63
batch_test_1082,1.3448726561653266,2.204,1.456,0.816,8.57,20.44,2.022,1.295,0.717,6.13,15.41
batch_test_8486,1.3448436601732636,2.129,1.501,0.812,9.39,23.61,2.141,1.443,0.737,7.7,18.8
batch_test_4315,1.3448121208822414,2.139,1.336,0.743,8.85,23.15,1.897,1.372,0.683,6.89,16.85
batch_test_1952,1.3446797174989955,2.643,1.599,0.87,10.74,21.96,2.635,1.681,0.786,9.23,17.64
batch_test_526,1.3446271042515483,2.197,1.451,0.885,8.78,20.14,2.139,1.575,0.822,7.64,18.07
batch_test_6045,1.3446089296113568,1.955,1.43,0.824,9.77,22.26,2.116,1.497,0.761,7.97,17.73
batch_test_3660,1.3443926084038371,2.167,1.502,0.854,9.88,26.8,2.302,1.582,0.806,8.59,23.17
batch_test_726,1.3443263268978587,2.199,1.596,0.792,10.7,36.01,2.46,1.74,0.794,9.21,30.48
batch_test_001,1.3443181222814768,2.074,1.373,0.675,9.2,19.7,2.029,1.474,0.8,7.92,16.87
batch_test_6144,1.3442532380680094,2.1,1.402,0.769,9.86,21.55,2.049,1.443,0.702,7.17,16.76
batch_test_010,1.3442087149836937,2.045,1.447,0.825,9.38,23.54,2.12,1.434,0.753,6.78,15.96
batch_test_6261,1.3441310444055623,2.068,1.405,0.761,9.44,20.5,1.925,1.423,0.672,6.33,16.14
batch_test_1244,1.3440381168957285,2.228,1.535,0.687,10.91,23.55,2.121,1.547,0.664,8.22,17.87
batch_test_7050,1.3440189746245155,2.093,1.547,0.768,9.1,22.46,1.991,1.483,0.699,7.57,18.88
batch_test_2396,1.3439564939595539,2.452,1.695,0.876,13.62,41.21,2.573,1.749,0.84,12.02,37.34
batch_test_4229,1.343953301432962,2.162,1.328,0.739,11.0,23.31,2.045,1.404,0.571,9.36,21.03
batch_test_7902,1.3438953035437247,1.852,1.376,0.793,9.35,23.3,1.907,1.397,0.666,7.19,16.55
batch_test_4904,1.3438275783399183,1.876,1.275,0.803,9.44,22.36,2.049,1.361,0.744,7.62,17.99
batch_test_5220,1.3437942430440475,2.145,1.342,0.65,9.63,20.32,1.986,1.39,0.641,7.14,15.48
batch_test_5787,1.3437599249272187,1.971,1.357,0.795,10.53,21.77,1.808,1.354,0.652,8.16,16.87
batch_test_9599,1.3436701032701317,1.937,1.346,0.787,9.49,21.63,2.042,1.42,0.722,7.38,18.49
batch_test_3479,1.3436414382920716,1.972,1.268,0.814,9.36,22.68,2.03,1.383,0.744,7.93,19.78
batch_test_1184,1.3436161684314487,1.915,1.402,0.699,12.59,25.85,1.823,1.38,0.584,9.88,20.55
batch_test_7681,1.3436050721157828,1.984,1.452,0.727,9.24,23.15,1.95,1.424,0.631,6.39,16.05
batch_test_3766,1.343416217570791,2.239,1.407,0.839,10.31,23.93,2.239,1.537,0.754,8.81,22.39
batch_test_8853,1.3433764240005432,2.018,1.402,0.859,10.15,26.03,2.025,1.428,0.809,8.01,19.22
batch_test_4360,1.3432623749376678,1.89,1.31,0.856,10.87,24.79,1.798,1.255,0.739,8.5,20.8
batch_test_2581,1.3432200934042693,1.852,1.342,0.746,7.45,17.99,1.985,1.456,0.735,7.3,18.08
batch_test_7510,1.3431946706405635,2.15,1.484,0.808,8.38,20.72,2.078,1.486,0.749,7.51,19.87
batch_test_336,1.3430911133804808,2.088,1.461,0.785,8.76,22.26,1.912,1.388,0.753,6.76,16.17
batch_test_2124,1.3430656834616275,1.941,1.467,0.822,9.1,21.93,1.985,1.399,0.714,6.74,17.72
batch_test_9638,1.3427323414513541,2.052,1.456,0.787,10.66,25.44,1.916,1.325,0.676,7.94,17.18
batch_test_3382,1.3427217515793246,2.34,1.488,0.89,9.97,23.88,2.354,1.567,0.797,8.07,19.63
batch_test_7666,1.3426767341980925,1.681,1.206,0.748,9.96,24.25,1.856,1.327,0.712,7.75,19.03
batch_test_6362,1.3426616573340713,2.115,1.417,0.84,7.43,18.48,2.205,1.558,0.792,7.01,19.77
batch_test_9398,1.342658929033922,2.202,1.436,0.758,9.51,22.18,2.019,1.44,0.689,6.65,15.45
batch_test_3236,1.3426583545572206,2.378,1.614,0.804,13.58,31.38,2.463,1.583,0.72,11.3,26.34
batch_test_5169,1.3425934252804876,2.107,1.438,0.718,9.51,22.77,2.026,1.406,0.675,6.0,15.31
batch_test_8813,1.3425160048291,2.354,1.557,0.903,9.89,22.62,2.437,1.686,0.864,7.75,17.9
batch_test_7445,1.3424943669097744,2.306,1.575,0.874,9.17,23.27,2.266,1.515,0.828,6.14,16.11
batch_test_6126,1.3424722394259345,1.906,1.323,0.661,8.69,17.03,1.766,1.29,0.478,8.27,16.64
batch_test_8498,1.3424435007993503,1.953,1.341,0.821,11.54,22.52,1.915,1.399,0.715,8.04,17.13
batch_test_9569,1.342416947804806,1.96,1.435,0.784,9.44,22.39,1.832,1.376,0.7,6.35,13.9
batch_test_3871,1.3422483528697406,1.883,1.342,0.744,10.46,24.75,1.877,1.333,0.629,8.23,19.84
batch_test_5536,1.3421934072867647,1.93,1.265,0.801,9.22,21.85,2.113,1.389,0.752,7.84,17.7
batch_test_7624,1.3421768810954058,2.412,1.667,0.797,9.52,23.28,2.723,1.727,0.804,7.67,17.98
batch_test_8184,1.3420490036998807,2.141,1.525,0.861,9.18,22.46,2.131,1.568,0.784,6.85,17.14
batch_test_4151,1.3420099235645804,1.957,1.387,0.786,8.07,21.94,2.128,1.45,0.722,6.04,15.71
batch_test_5463,1.34198450979259,2.096,1.426,0.774,8.67,23.04,2.051,1.457,0.728,6.62,16.1
batch_test_5025,1.3419416116961722,2.19,1.54,0.701,9.7,24.65,2.239,1.573,0.693,7.97,19.76
batch_test_7068,1.3418592122677415,2.082,1.348,0.855,10.38,24.21,1.953,1.361,0.73,8.35,17.82
batch_test_3251,1.3418187544805287,2.069,1.426,0.71,9.82,23.89,1.945,1.418,0.604,7.12,15.95
batch_test_1278,1.3417542073989486,2.285,1.61,0.866,11.5,37.21,2.319,1.531,0.767,8.82,22.53
batch_test_4822,1.3416946623684027,2.058,1.416,0.745,9.39,21.7,2.135,1.486,0.75,7.21,16.96
batch_test_8002,1.3416335391776193,2.333,1.545,0.861,10.11,22.18,2.201,1.523,0.818,7.93,17.4
batch_test_4537,1.341506819730262,1.904,1.349,0.834,9.39,21.67,1.885,1.429,0.734,7.11,15.54
batch_test_9519,1.3413199216808298,2.186,1.482,0.826,9.69,21.34,2.305,1.508,0.761,8.02,16.28
batch_test_7298,1.3411898581141242,2.074,1.443,0.86,10.91,26.11,2.162,1.469,0.785,7.96,17.13
batch_test_6227,1.341050379562676,1.794,1.381,0.827,10.65,22.75,1.884,1.352,0.736,8.37,20.08
batch_test_6986,1.3410176930169482,1.876,1.365,0.786,9.69,22.65,1.981,1.377,0.738,6.39,15.25
batch_test_7320,1.34092787020119,2.395,1.85,0.853,12.97,39.98,2.421,1.783,0.776,10.67,29.68
batch_test_2156,1.3407967332957145,2.047,1.449,0.84,10.18,22.08,2.045,1.441,0.755,8.05,17.51
batch_test_8373,1.3407775729823759,2.023,1.529,0.815,8.22,22.21,2.038,1.524,0.775,6.23,16.96
batch_test_1861,1.34074392675639,2.079,1.372,0.791,9.77,24.01,1.929,1.391,0.686,7.43,17.37
batch_test_2868,1.3407148724025197,1.778,1.216,0.724,8.14,20.35,1.747,1.269,0.677,5.24,12.09
batch_test_7057,1.34064804869395,2.236,1.527,0.858,9.54,22.55,2.247,1.627,0.776,7.55,15.71
batch_test_3749,1.3405870367391475,1.852,1.327,0.819,9.92,23.2,1.856,1.361,0.755,8.18,18.61
batch_test_3475,1.340573727404292,2.053,1.3,0.72,9.16,18.87,2.284,1.555,0.73,10.75,25.84
batch_test_706,1.340563543940774,1.899,1.379,0.766,9.72,24.56,1.879,1.36,0.683,6.97,20.25
batch_test_733,1.3404929054693495,2.135,1.545,0.814,10.45,25.44,2.02,1.528,0.759,7.84,17.26
batch_test_1195,1.34038761375099,2.163,1.406,0.774,8.86,20.73,2.019,1.387,0.683,6.36,18.6
batch_test_2546,1.3403130405636596,2.097,1.366,0.79,9.67,23.81,2.252,1.436,0.777,7.73,18.9
batch_test_7985,1.3400939907227287,1.928,1.33,0.831,9.96,22.04,2.203,1.508,0.77,8.55,21.48
batch_test_835,1.3400883996481165,1.787,1.37,0.722,10.09,22.2,1.86,1.406,0.654,8.16,18.57
batch_test_3152,1.3399895616553652,1.887,1.291,0.764,9.14,20.08,1.882,1.391,0.65,7.32,17.45
batch_test_8639,1.339963496442897,2.232,1.594,0.668,9.94,22.95,2.164,1.539,0.635,7.48,16.18
batch_test_9082,1.3398813194145376,2.445,1.453,0.716,9.47,22.2,2.455,1.54,0.693,8.21,19.71
batch_test_3551,1.339875820415318,2.37,1.473,0.612,9.32,22.71,2.304,1.52,0.624,7.46,17.74
batch_test_8658,1.3398288214633856,1.951,1.323,0.86,11.71,25.26,1.822,1.334,0.794,6.16,13.2
batch_test_3077,1.3395761973161862,2.099,1.563,0.832,11.1,33.49,2.41,1.67,0.805,9.76,29.82
batch_test_5481,1.3395038963521886,1.961,1.37,0.717,9.18,24.15,2.178,1.481,0.714,6.61,18.46
batch_test_6958,1.3394487333144478,2.252,1.542,0.763,14.3,32.79,2.06,1.502,0.695,11.17,24.43
batch_test_3913,1.3393402706596023,2.242,1.484,0.815,9.6,19.87,2.11,1.487,0.765,9.34,20.61
batch_test_8031,1.3393291311585336,2.228,1.522,0.791,10.91,33.36,2.255,1.587,0.756,9.34,30.33
batch_test_4350,1.3392541175001602,2.025,1.481,0.798,7.81,21.94,2.091,1.452,0.767,5.68,14.97
batch_test_8228,1.3391885783923425,2.003,1.416,0.761,10.87,21.04,1.819,1.384,0.686,8.64,18.78
batch_test_1604,1.3391509308926453,1.965,1.41,0.693,10.11,25.68,1.906,1.456,0.653,7.9,19.75
batch_test_8442,1.3391020870526638,2.218,1.632,0.799,12.18,38.16,2.24,1.679,0.758,10.77,36.36
batch_test_7774,1.3390516825571912,2.188,1.512,0.879,10.71,39.47,2.484,1.64,0.859,9.62,39.67
batch_test_7325,1.3389367781564072,2.034,1.372,0.849,10.24,23.6,1.948,1.394,0.747,7.97,18.07
batch_test_1858,1.33879598953289,1.898,1.377,0.862,9.25,21.42,1.985,1.468,0.758,6.78,16.72
batch_test_4220,1.338776970440684,1.943,1.258,0.784,8.1,20.98,1.832,1.245,0.693,5.36,15.43
batch_test_9876,1.3385095732171992,2.193,1.526,0.804,10.4,29.97,2.477,1.724,0.817,10.97,33.49
batch_test_4239,1.338502188132015,2.012,1.377,0.716,10.52,22.16,1.991,1.312,0.657,6.53,16.47
batch_test_5777,1.33846777372194,2.019,1.509,0.804,12.42,31.57,1.884,1.448,0.681,10.43,28.14
batch_test_4155,1.3382769514082293,2.012,1.272,0.704,9.05,20.7,2.137,1.453,0.68,7.92,17.4
batch_test_7284,1.3380559872908542,2.065,1.327,0.775,9.3,21.15,2.0,1.402,0.66,6.59,17.97
batch_test_7824,1.3379376553845703,2.242,1.633,0.836,11.96,35.6,2.24,1.564,0.767,9.59,27.9
batch_test_1810,1.3379032578230359,1.879,1.248,0.783,9.37,21.35,1.866,1.42,0.71,7.37,17.27
batch_test_607,1.337832836498868,2.001,1.42,0.8,9.84,25.02,2.003,1.364,0.695,6.88,17.68
batch_test_2130,1.337822412848709,2.261,1.634,0.692,12.0,22.98,2.313,1.725,0.671,10.14,19.75
batch_test_1338,1.3377195774792052,1.925,1.344,0.782,10.65,21.59,1.818,1.355,0.704,7.38,17.53
batch_test_591,1.33771854587482,2.262,1.44,0.873,11.9,32.87,2.491,1.567,0.809,10.79,30.85
batch_test_133,1.3376544128879764,2.083,1.444,0.797,6.45,16.98,2.039,1.478,0.778,6.04,16.35
batch_test_4207,1.3375902246215616,1.863,1.348,0.843,9.39,20.9,2.111,1.508,0.759,7.05,15.26
batch_test_1500,1.337568027509496,2.044,1.511,0.826,10.03,24.24,2.011,1.459,0.767,8.08,18.14
batch_test_2840,1.3374782925078676,2.1,1.495,0.851,10.33,22.57,2.017,1.539,0.785,8.28,17.48
batch_test_7303,1.3374450754021354,2.185,1.603,0.86,11.02,35.15,2.469,1.808,0.825,10.28,33.27
batch_test_2005,1.3373586521080232,2.062,1.428,0.759,9.05,21.48,1.941,1.369,0.675,7.02,18.52
batch_test_8643,1.3372909242560422,1.952,1.322,0.837,11.49,25.36,2.104,1.459,0.756,10.12,26.15
batch_test_8957,1.3372861990223341,2.149,1.394,0.794,8.89,23.23,2.091,1.442,0.687,6.24,17.03
batch_test_2536,1.337246840424454,2.424,1.799,0.888,10.95,25.33,2.445,1.743,0.822,10.26,27.39
batch_test_1193,1.3372062597088559,2.214,1.501,0.721,10.22,23.34,2.103,1.459,0.628,8.27,18.94
batch_test_5096,1.3371216549006837,2.027,1.403,0.785,10.9,22.19,1.895,1.39,0.734,8.59,17.84
batch_test_5290,1.3371077277902215,2.157,1.406,0.764,13.21,27.15,2.412,1.675,0.725,12.04,30.77
batch_test_4411,1.3368068905202715,2.045,1.417,0.862,10.46,22.89,1.786,1.349,0.78,7.63,17.25
batch_test_4851,1.3367754860447176,2.244,1.55,0.746,10.29,26.58,2.249,1.475,0.699,7.79,20.41
batch_test_6655,1.3367468841315964,2.315,1.648,0.859,10.49,25.56,2.387,1.781,0.82,9.84,23.47
batch_test_2102,1.3367248400497587,2.124,1.322,0.884,9.57,21.02,2.107,1.419,0.808,7.61,18.13
batch_test_446,1.336690255498727,2.092,1.402,0.751,9.44,22.81,2.035,1.391,0.68,7.41,19.44
batch_test_6217,1.3365799088825852,1.994,1.311,0.792,7.73,17.94,2.081,1.415,0.74,8.0,23.78
batch_test_115,1.336440219606402,2.181,1.568,0.888,9.64,22.82,2.183,1.594,0.806,7.57,18.2
batch_test_7224,1.336332023721778,1.919,1.356,0.851,9.44,21.81,1.944,1.443,0.794,5.95,13.39
batch_test_9355,1.3362238094550103,1.947,1.355,0.83,10.82,26.11,2.093,1.478,0.782,8.58,19.59
batch_test_2525,1.3361688889904602,2.117,1.473,0.778,9.61,21.83,1.838,1.296,0.614,6.19,16.24
batch_test_8276,1.336137564146091,2.024,1.422,0.814,11.36,27.81,2.018,1.414,0.727,8.12,21.16
batch_test_6966,1.3361354721569971,1.915,1.356,0.83,9.57,21.53,2.014,1.467,0.771,7.58,18.43
batch_test_8135,1.336075457764089,2.296,1.637,0.829,10.85,25.67,2.294,1.706,0.772,6.45,13.3
batch_test_7377,1.3360314638217288,2.069,1.459,0.844,10.32,29.12,2.165,1.587,0.766,8.84,24.48
batch_test_4610,1.3359506998133428,1.775,1.242,0.781,10.71,23.39,1.72,1.277,0.712,9.12,19.49
batch_test_6682,1.335903603322731,1.908,1.262,0.798,9.11,21.53,1.902,1.314,0.739,7.48,16.47
batch_test_2720,1.3357036094666617,2.137,1.535,0.803,13.48,49.48,2.287,1.623,0.757,11.36,32.21
batch_test_5117,1.33566452223939,2.113,1.538,0.86,8.22,24.03,2.027,1.467,0.787,5.64,15.32
batch_test_4102,1.3356279811007763,2.014,1.361,0.808,10.55,24.7,1.916,1.407,0.681,7.18,17.45
batch_test_9841,1.3356015118361242,2.162,1.349,0.789,8.18,17.55,2.095,1.438,0.701,7.38,18.62
batch_test_2401,1.3355188780931864,2.14,1.549,0.77,13.49,53.99,1.963,1.507,0.711,11.25,35.49
batch_test_6313,1.3354351086223586,2.199,1.38,0.663,9.39,22.51,2.002,1.401,0.621,7.6,16.27
batch_test_3711,1.3354178660484413,1.913,1.32,0.814,9.02,21.09,1.953,1.452,0.759,7.36,16.99
batch_test_7873,1.335179597989868,1.982,1.367,0.744,8.71,21.05,1.963,1.44,0.663,6.85,18.6
batch_test_7143,1.3351462754124181,1.971,1.29,0.761,9.31,22.0,2.002,1.362,0.691,7.89,19.42
batch_test_4710,1.3350902868782915,2.034,1.373,0.822,8.6,20.99,2.227,1.527,0.784,6.45,15.79
batch_test_1679,1.3350775932783074,1.947,1.361,0.756,9.75,21.18,2.018,1.47,0.677,7.77,17.98
batch_test_7152,1.3350469661702504,2.111,1.451,0.68,9.08,24.28,2.154,1.503,0.649,7.18,19.42
batch_test_3071,1.335036502339067,2.052,1.455,0.65,10.35,24.86,1.729,1.304,0.52,7.64,17.5
batch_test_7028,1.3349475853967072,1.939,1.349,0.788,9.3,21.22,1.862,1.355,0.736,6.66,15.73
batch_test_8446,1.3348871664260065,1.872,1.287,0.699,8.8,21.51,1.896,1.326,0.73,6.95,18.16
batch_test_2379,1.3348653781346436,1.85,1.246,0.805,8.49,23.3,1.893,1.328,0.743,6.4,18.33
batch_test_984,1.3347405042614624,2.053,1.511,0.737,11.5,26.46,2.052,1.544,0.654,9.52,23.14
batch_test_1038,1.3346308769654578,2.165,1.482,0.776,9.85,23.3,2.056,1.517,0.726,7.51,17.35
batch_test_9178,1.3345908613670536,2.156,1.401,0.718,10.5,24.91,2.107,1.511,0.698,8.76,18.65
batch_test_2571,1.3344233496315274,2.075,1.577,0.774,10.57,24.68,1.863,1.488,0.703,7.02,17.68
batch_test_2268,1.3343881946124456,2.229,1.541,0.75,8.72,21.69,2.169,1.587,0.73,6.84,18.49
batch_test_3866,1.3341919394161805,2.162,1.536,0.826,11.84,29.88,2.139,1.592,0.778,10.43,26.33
batch_test_8317,1.3341841655269502,1.991,1.336,0.759,7.55,20.89,2.111,1.415,0.717,6.08,16.4
batch_test_1908,1.3340754870213152,1.806,1.347,0.769,8.39,21.94,1.917,1.411,0.725,7.48,22.67
batch_test_5581,1.3340278698973158,2.147,1.411,0.831,12.46,35.26,2.116,1.458,0.749,11.48,33.56
batch_test_9864,1.3340261558677138,2.46,1.55,0.693,8.91,19.92,2.362,1.563,0.725,6.41,14.92
batch_test_1651,1.3339146085761713,2.12,1.309,0.725,9.52,22.85,2.06,1.326,0.661,7.67,20.91
batch_test_7177,1.3337357064572344,2.085,1.344,0.805,8.48,20.18,1.901,1.376,0.771,5.99,13.62
batch_test_9216,1.3334625299174847,1.739,1.217,0.697,10.54,23.49,1.675,1.254,0.584,7.73,17.53
batch_test_8534,1.333460924901554,2.036,1.447,0.81,9.63,29.15,2.103,1.471,0.802,7.93,21.56
batch_test_1734,1.3334327832578652,2.174,1.421,0.882,11.03,27.56,2.219,1.441,0.804,8.83,22.83
batch_test_9289,1.3333844017722183,1.989,1.366,0.883,9.1,24.37,2.051,1.402,0.812,6.49,16.28
batch_test_052,1.3333515310710897,2.197,1.666,0.874,10.19,22.13,2.436,1.947,0.8,9.44,20.05
batch_test_117,1.3333271917692495,1.682,1.231,0.791,10.86,23.67,1.79,1.341,0.725,9.46,21.84
batch_test_8076,1.3333206632248222,2.355,1.49,0.868,12.63,28.21,2.53,1.596,0.828,12.09,29.81
batch_test_7951,1.333188286800306,2.019,1.399,0.755,8.7,23.24,1.867,1.378,0.661,6.23,16.82
batch_test_3471,1.3330991129686083,1.918,1.374,0.767,9.62,23.82,1.899,1.386,0.673,7.27,16.46
batch_test_6133,1.3330942279694749,2.152,1.353,0.698,9.93,28.38,2.223,1.446,0.663,9.53,26.59
batch_test_6812,1.333081694065559,2.213,1.378,0.806,7.41,19.5,2.255,1.572,0.813,6.78,16.91
batch_test_3487,1.3330149605482982,2.235,1.522,0.781,9.1,23.02,2.283,1.586,0.76,6.74,17.11
batch_test_9038,1.3329903157088416,1.823,1.316,0.826,11.56,24.27,1.739,1.344,0.743,8.95,20.91
batch_test_2660,1.3328184957362716,2.031,1.331,0.813,9.88,20.71,1.893,1.367,0.711,7.77,17.11
batch_test_3038,1.3328049047487227,1.923,1.385,0.631,10.76,25.96,2.057,1.438,0.62,9.1,23.34
batch_test_9611,1.3327916899803833,2.189,1.432,0.775,10.16,22.63,2.353,1.541,0.775,10.13,24.89
batch_test_854,1.3326894382542869,1.864,1.317,0.756,9.56,19.27,1.913,1.41,0.695,7.63,17.38
batch_test_5827,1.3324438272995633,1.897,1.282,0.862,8.88,20.5,1.878,1.361,0.776,6.43,14.99
batch_test_7481,1.3324388167780268,1.994,1.367,0.809,9.19,24.18,1.978,1.363,0.754,7.25,21.53
batch_test_8420,1.3323628363038507,2.074,1.453,0.835,10.59,25.49,1.949,1.358,0.78,7.53,18.74
batch_test_7790,1.332346454031115,2.069,1.475,0.736,11.25,21.34,2.014,1.452,0.625,8.17,15.58
batch_test_046,1.3323344377970052,2.07,1.425,0.797,8.64,24.01,2.172,1.42,0.774,7.09,19.3
batch_test_4581,1.3321727318610606,1.958,1.379,0.792,10.51,24.86,1.967,1.373,0.734,8.47,19.48
batch_test_6407,1.33212035068172,2.062,1.569,0.877,12.51,43.72,2.028,1.525,0.817,9.33,25.2
batch_test_3729,1.3321052372152582,1.997,1.395,0.858,9.41,25.96,2.099,1.476,0.82,8.39,23.32
batch_test_464,1.3320791447033633,2.313,1.475,0.797,11.64,23.87,2.151,1.516,0.661,8.46,16.87
batch_test_7006,1.3320636744506023,2.148,1.418,0.725,8.69,24.01,2.086,1.391,0.703,6.63,20.07
batch_test_8515,1.3320343091728057,2.232,1.392,0.823,9.81,22.2,2.161,1.395,0.764,7.48,15.66
batch_test_4322,1.3320159241720848,1.84,1.331,0.778,10.13,23.67,1.774,1.349,0.692,7.02,18.19
batch_test_4827,1.3319622613466122,2.157,1.502,0.862,9.54,20.84,1.881,1.424,0.756,6.0,17.31
batch_test_9426,1.331957800269812,2.002,1.343,0.702,9.58,25.87,1.969,1.353,0.675,8.45,23.12
batch_test_5451,1.3319567026751427,1.965,1.328,0.808,11.17,22.75,2.048,1.463,0.697,8.13,18.38
batch_test_482,1.3318991645747262,1.951,1.234,0.807,9.28,20.94,1.881,1.316,0.693,5.89,14.22
batch_test_411,1.331727777165193,2.122,1.466,0.753,8.83,21.53,2.028,1.451,0.707,6.23,15.91
batch_test_7996,1.331719740861252,2.2,1.549,0.838,8.93,26.23,2.147,1.555,0.767,7.69,20.27
batch_test_9600,1.3316789510540263,2.32,1.512,0.841,9.47,23.42,2.314,1.438,0.784,7.6,20.58
batch_test_6559,1.3316114558911525,1.948,1.337,0.868,8.94,21.37,1.952,1.39,0.792,5.53,14.36
batch_test_6874,1.3315941224275818,1.924,1.319,0.817,10.03,21.54,1.829,1.295,0.715,7.52,18.6
batch_test_7086,1.3315678523380263,2.099,1.517,0.818,11.94,31.08,2.166,1.623,0.77,9.65,20.9
batch_test_4739,1.3314803833724334,1.9,1.401,0.757,9.99,21.56,1.96,1.384,0.695,7.91,18.47
batch_test_5884,1.3314680242851171,1.887,1.363,0.783,10.67,25.16,1.903,1.407,0.697,7.46,17.8
batch_test_3028,1.3313782613787968,1.91,1.358,0.805,10.37,23.36,1.767,1.326,0.677,6.01,14.46
batch_test_9489,1.3313365307524194,1.928,1.293,0.861,9.91,24.81,1.911,1.271,0.741,6.71,18.95
batch_test_8389,1.3312771031902377,1.788,1.298,0.734,8.97,22.27,1.815,1.433,0.661,7.68,17.94
batch_test_9936,1.3312614116095745,2.068,1.394,0.829,8.55,21.98,2.046,1.407,0.761,6.23,16.9
batch_test_1863,1.3311618102784872,1.8,1.358,0.853,10.07,21.73,1.897,1.487,0.794,7.26,14.34
batch_test_9451,1.331160026910831,2.176,1.587,0.703,10.44,24.42,2.339,1.646,0.712,8.93,23.54
batch_test_9298,1.3310805550253484,2.024,1.447,0.64,10.71,24.78,1.847,1.37,0.59,7.06,15.37
batch_test_6751,1.3310374235635227,1.993,1.404,0.831,9.25,24.13,2.074,1.468,0.753,6.4,19.02
batch_test_5867,1.3310152647592972,1.999,1.448,0.773,9.35,22.68,1.884,1.419,0.714,7.01,15.66
batch_test_3267,1.3309935302115354,1.882,1.29,0.797,10.3,21.37,1.858,1.421,0.735,8.92,19.33
batch_test_9585,1.3309276899903808,2.262,1.475,0.846,8.26,21.17,1.986,1.341,0.748,5.42,14.19
batch_test_6215,1.330789517088505,1.966,1.354,0.795,7.84,18.67,1.887,1.308,0.707,7.1,17.9
batch_test_5655,1.3307751352262187,2.046,1.364,0.854,9.97,22.74,1.991,1.369,0.803,5.36,10.54
batch_test_7893,1.330774792110001,2.218,1.604,0.69,12.12,26.86,2.162,1.506,0.565,9.54,21.53
batch_test_3811,1.3306778232644922,2.172,1.581,0.835,10.93,28.2,2.28,1.655,0.803,9.58,24.71
batch_test_8561,1.330616678405514,1.823,1.356,0.793,8.63,22.34,1.782,1.317,0.644,6.7,20.02
batch_test_514,1.3306131197431745,2.342,1.579,0.534,10.44,23.73,2.351,1.591,0.622,9.39,21.07
batch_test_938,1.3305788173616295,2.13,1.404,0.876,10.7,22.58,1.886,1.377,0.797,7.94,17.46
batch_test_1963,1.3305761199244708,2.463,1.544,0.782,12.58,24.69,2.406,1.645,0.715,9.95,19.22
batch_test_1593,1.3305391977472025,2.072,1.38,0.761,9.88,21.09,2.022,1.42,0.709,7.19,14.24
batch_test_1815,1.330531766545495,2.014,1.338,0.867,9.99,24.57,1.975,1.454,0.805,7.37,17.63
batch_test_550,1.330510263638744,2.162,1.424,0.804,7.85,17.71,1.884,1.412,0.674,5.57,12.89
batch_test_9697,1.330438344450065,1.929,1.299,0.794,8.55,19.57,1.861,1.313,0.73,5.96,15.9
batch_test_6889,1.3304067194351838,2.225,1.619,0.81,11.48,30.83,2.143,1.539,0.753,7.55,16.1
batch_test_6784,1.3302591751183948,2.234,1.47,0.716,8.48,19.12,2.093,1.379,0.701,5.83,14.31
batch_test_5909,1.3301943465843284,1.935,1.357,0.788,9.15,23.81,1.817,1.311,0.676,7.3,18.73
batch_test_5599,1.3301749255925133,2.338,1.575,0.814,8.18,22.88,2.402,1.57,0.776,7.63,20.55
batch_test_1792,1.3301002561934188,2.171,1.418,0.874,9.08,21.42,2.206,1.55,0.83,6.82,16.0
batch_test_8966,1.330073742765033,2.099,1.466,0.746,9.33,22.07,2.071,1.439,0.737,6.67,15.28
batch_test_7426,1.3299166154872735,2.187,1.491,0.714,7.52,19.94,2.15,1.441,0.698,5.51,14.44
batch_test_896,1.3298199880800277,1.99,1.418,0.74,10.01,22.86,1.687,1.392,0.622,6.74,14.74
batch_test_700,1.3297804912753275,1.886,1.425,0.782,8.6,24.09,1.79,1.449,0.758,7.04,16.05
batch_test_6294,1.3295625284177968,2.079,1.315,0.808,9.71,21.13,1.952,1.365,0.732,7.44,16.62
batch_test_8568,1.3294163458994368,2.09,1.4,0.824,12.62,38.73,2.065,1.447,0.758,11.31,29.53
batch_test_7956,1.329334841390603,1.973,1.439,0.773,14.18,56.52,2.276,1.677,0.743,13.24,37.94
batch_test_3420,1.3291483368263255,2.075,1.434,0.75,9.9,25.53,2.074,1.521,0.789,7.95,19.46
batch_test_9657,1.3291083053438364,2.297,1.549,0.847,10.62,23.45,2.557,1.744,0.813,10.9,26.22
batch_test_4111,1.329105222498179,2.052,1.435,0.888,9.49,29.16,2.293,1.524,0.828,8.02,23.95
batch_test_9829,1.329101102319141,1.987,1.361,0.74,9.7,23.33,1.87,1.384,0.671,7.26,16.34
batch_test_8652,1.3290587669357878,2.198,1.239,0.809,9.82,23.21,2.054,1.451,0.71,7.89,18.56
batch_test_6825,1.3290032884067835,2.183,1.458,0.82,8.97,23.36,2.302,1.485,0.777,7.6,19.72
batch_test_4891,1.328990705485531,1.979,1.4,0.754,10.07,24.93,1.88,1.313,0.664,7.64,18.29
batch_test_2431,1.3289426745154895,2.152,1.569,0.801,9.42,22.06,2.089,1.574,0.723,7.87,17.32
batch_test_5257,1.3289217144719743,2.014,1.359,0.824,11.16,21.33,2.208,1.53,0.757,9.45,19.18
batch_test_7967,1.3287706924440956,2.122,1.481,0.803,8.84,23.96,1.982,1.394,0.712,6.02,17.51
batch_test_7171,1.3287447359350506,1.964,1.419,0.766,11.93,26.03,1.82,1.349,0.658,9.87,21.84
batch_test_5218,1.3287150842381859,1.815,1.265,0.844,10.57,23.41,1.867,1.398,0.786,7.8,17.55
batch_test_2540,1.3286947933038395,2.071,1.465,0.805,9.15,23.12,2.075,1.419,0.74,7.61,19.6
batch_test_2187,1.3286518115552397,2.036,1.409,0.76,9.59,24.52,2.076,1.529,0.711,7.26,16.78
batch_test_1557,1.3286010055946034,2.065,1.543,0.841,10.82,32.16,2.082,1.606,0.795,9.12,24.32
batch_test_7591,1.3285482002332047,1.848,1.317,0.837,9.16,24.84,1.988,1.473,0.78,7.4,20.72
batch_test_4339,1.3285455293216502,1.978,1.405,0.743,11.74,32.07,2.053,1.458,0.649,10.87,34.0
batch_test_7693,1.3285448864908487,2.102,1.425,0.781,10.6,24.35,1.909,1.324,0.638,5.4,13.34
batch_test_4067,1.3285251319845224,1.973,1.454,0.856,9.66,25.96,1.929,1.409,0.753,6.97,16.51
batch_test_8804,1.3284854676408053,1.978,1.204,0.754,10.85,24.37,1.958,1.342,0.686,8.68,18.08
batch_test_2791,1.3283587506607557,2.041,1.485,0.867,9.05,24.65,2.332,1.669,0.827,7.76,22.05
batch_test_1129,1.3282355468704918,2.184,1.512,0.857,8.3,23.74,2.08,1.418,0.787,6.38,18.03
batch_test_3620,1.3282170556724724,2.065,1.513,0.847,10.7,28.45,2.259,1.65,0.785,9.44,26.66
batch_test_2305,1.328212492350927,1.833,1.354,0.766,9.63,22.28,1.8,1.407,0.682,7.62,18.16
batch_test_2136,1.3281830110686044,1.97,1.354,0.819,9.56,23.13,1.878,1.346,0.752,6.69,17.0
batch_test_5936,1.32810436874511,2.089,1.235,0.816,8.39,20.51,2.074,1.377,0.727,7.08,17.64
batch_test_8617,1.3280802801124851,1.726,1.232,0.752,11.15,24.12,1.698,1.269,0.657,8.88,20.18
batch_test_7695,1.3279420079580326,2.082,1.385,0.794,9.58,22.21,2.008,1.397,0.703,7.02,17.36
batch_test_9978,1.3278810369252279,2.059,1.366,0.79,8.77,26.21,2.229,1.517,0.757,7.63,23.44
batch_test_160,1.3278611003549536,1.939,1.418,0.72,10.67,25.32,1.852,1.429,0.588,7.71,19.6
batch_test_9176,1.3278047951147256,2.046,1.365,0.844,9.59,22.58,2.046,1.415,0.748,7.36,18.45
batch_test_6906,1.3277563112424973,1.972,1.382,0.822,9.26,23.01,1.876,1.401,0.74,7.54,18.95
batch_test_375,1.3276634729304422,2.513,1.646,0.861,8.72,22.61,2.497,1.636,0.839,7.07,20.3
batch_test_9364,1.3275463423665705,2.0,1.355,0.721,10.9,24.02,1.937,1.37,0.549,7.83,16.23
batch_test_1634,1.3274758066735861,1.846,1.261,0.81,8.58,19.85,2.021,1.391,0.735,7.29,16.66
batch_test_6692,1.327348328485082,1.936,1.374,0.809,8.3,20.49,2.066,1.499,0.764,6.77,17.05
batch_test_2231,1.3272954210328374,2.17,1.466,0.801,8.57,21.66,2.034,1.453,0.711,5.8,16.55
batch_test_2252,1.3272935905441563,2.322,1.585,0.729,10.84,22.11,2.146,1.57,0.593,8.89,17.62
batch_test_382,1.3271716057089766,2.139,1.401,0.817,8.38,22.37,2.084,1.387,0.718,5.77,16.05
batch_test_5154,1.3271704994369558,2.027,1.455,0.834,11.05,29.01,2.03,1.481,0.772,9.15,23.04
batch_test_1335,1.3271517713641385,2.132,1.353,0.781,10.41,22.12,2.153,1.43,0.694,8.13,18.43
batch_test_4135,1.3271188413127484,1.913,1.301,0.769,9.99,21.83,1.966,1.444,0.669,7.81,16.18
batch_test_4253,1.326984523282328,1.685,1.282,0.854,8.73,20.38,1.933,1.38,0.798,6.81,15.43
batch_test_6623,1.3269829925793655,1.924,1.448,0.76,8.96,23.44,2.037,1.509,0.717,6.77,15.4
batch_test_555,1.3269526707994808,2.27,1.57,0.845,10.85,34.9,2.262,1.58,0.777,9.62,30.81
batch_test_6240,1.3267755827251797,2.379,1.645,0.891,10.98,24.23,2.469,1.329,0.815,8.16,16.88
batch_test_5394,1.3267587159493077,2.08,1.398,0.776,9.26,21.69,2.155,1.437,0.687,7.83,20.07
batch_test_5879,1.326733652741776,2.029,1.41,0.833,8.68,19.48,2.053,1.469,0.785,6.27,14.37
batch_test_7165,1.3267287621906345,1.993,1.399,0.765,9.81,23.14,2.003,1.436,0.728,7.81,16.84
batch_test_9335,1.3266397636027918,1.926,1.302,0.734,9.59,23.03,1.953,1.373,0.698,7.82,19.55
batch_test_7698,1.3266051291445515,2.19,1.462,0.744,9.63,25.98,2.369,1.619,0.739,9.03,23.1
batch_test_4252,1.3265254891282652,1.928,1.504,0.818,11.17,33.11,2.028,1.542,0.755,9.69,28.75
batch_test_1998,1.3264617167023802,2.312,1.531,0.761,8.84,22.61,2.028,1.49,0.696,7.11,18.47
batch_test_7521,1.326420305442724,2.172,1.511,0.866,10.63,22.12,2.23,1.595,0.838,8.62,18.42
batch_test_7499,1.3263992604073342,2.211,1.488,0.796,9.98,23.3,2.272,1.506,0.694,8.64,21.22
batch_test_5235,1.326339626426197,1.921,1.331,0.854,9.84,26.12,2.12,1.384,0.808,8.79,24.55
batch_test_1058,1.326339297187551,2.194,1.387,0.844,9.23,22.14,2.254,1.398,0.814,6.73,18.08
batch_test_3659,1.3262951442709237,2.432,1.641,0.602,9.82,22.18,2.302,1.595,0.639,7.43,17.41
batch_test_2942,1.326223788595169,2.415,1.523,0.848,11.96,29.39,2.411,1.571,0.822,9.2,19.2
batch_test_3348,1.326180763505093,2.166,1.4,0.69,9.32,24.74,2.146,1.483,0.683,7.36,18.09
batch_test_7816,1.326152682392249,1.848,1.319,0.812,10.68,22.25,2.102,1.523,0.758,8.26,17.12
batch_test_5074,1.3260623789276949,2.127,1.486,0.709,9.06,20.84,2.154,1.497,0.69,7.33,17.93
batch_test_6019,1.3260419339392548,2.062,1.355,0.797,9.9,22.92,1.901,1.346,0.686,6.89,18.44
batch_test_2015,1.3260061761260011,2.151,1.513,0.844,8.37,22.63,2.124,1.533,0.773,6.58,16.89
batch_test_3837,1.3259652142300677,2.183,1.47,0.869,8.69,22.53,1.943,1.379,0.771,6.29,20.73
batch_test_8330,1.3258434775347,2.194,1.582,0.798,9.19,26.04,2.105,1.557,0.734,7.27,19.66
batch_test_2838,1.3257674322507116,1.709,1.269,0.709,9.45,24.16,1.757,1.417,0.661,7.53,18.43
batch_test_2621,1.3256882906774803,2.313,1.584,0.688,14.83,34.1,2.233,1.522,0.746,12.58,33.74
batch_test_928,1.3256418191201127,2.476,1.648,0.867,11.2,28.6,2.647,1.755,0.837,9.79,24.41
batch_test_627,1.325519710312141,1.892,1.355,0.792,11.37,34.35,2.057,1.39,0.75,9.19,30.8
batch_test_9825,1.325471099259723,1.629,1.206,0.776,8.18,24.25,1.621,1.205,0.705,6.34,18.44
batch_test_9165,1.3254710142715889,2.368,1.59,0.849,9.67,21.78,2.42,1.647,0.795,6.5,16.57
batch_test_185,1.325462899497666,2.195,1.48,0.864,8.0,19.64,2.256,1.632,0.825,6.57,18.53
batch_test_4724,1.3254433709783124,1.81,1.253,0.75,9.98,22.19,1.712,1.277,0.666,7.64,16.08
batch_test_4080,1.3254152993714925,2.295,1.433,0.594,9.18,23.67,2.255,1.515,0.658,7.64,18.6
batch_test_779,1.3253790793393576,2.054,1.444,0.818,9.35,22.19,1.94,1.438,0.747,6.79,15.09
batch_test_001,1.3253648059355347,2.074,1.373,0.675,9.2,19.7,1.98,1.412,0.607,6.88,15.54
batch_test_7908,1.3253244660556254,2.188,1.264,0.847,9.33,24.87,2.291,1.438,0.796,8.38,23.48
batch_test_668,1.3253115929188541,2.088,1.463,0.771,10.95,23.88,1.939,1.436,0.627,8.18,18.78
batch_test_7688,1.3252763071794704,2.055,1.405,0.843,7.06,22.06,2.023,1.439,0.778,5.86,18.51
batch_test_3785,1.3250686328637276,2.082,1.325,0.678,10.11,23.16,1.985,1.412,0.631,8.47,19.69
batch_test_6933,1.324998428159029,1.955,1.324,0.793,8.35,19.4,1.874,1.37,0.744,5.85,14.19
batch_test_8713,1.3249847243711885,2.311,1.449,0.781,7.6,18.96,2.272,1.568,0.76,6.49,13.89
batch_test_9227,1.3249100517756238,2.194,1.397,0.835,9.54,23.05,2.061,1.427,0.739,6.91,16.52
batch_test_9158,1.3248983320793584,1.722,1.229,0.815,10.78,23.37,1.775,1.326,0.75,8.51,19.18
batch_test_1511,1.324836849217177,2.037,1.362,0.724,9.28,22.43,1.735,1.323,0.694,6.43,15.36
batch_test_4064,1.3248280881343875,2.127,1.523,0.814,8.64,21.03,2.149,1.602,0.771,7.19,17.07
batch_test_8881,1.3246786885637771,1.972,1.304,0.678,9.77,22.34,2.024,1.506,0.64,6.88,16.06
batch_test_7869,1.3246015678821244,1.956,1.334,0.806,9.3,21.28,1.978,1.379,0.729,6.99,17.51
batch_test_200,1.3245980871025869,1.758,1.207,0.761,12.0,24.64,1.719,1.231,0.65,9.63,20.62
batch_test_7213,1.324543641253777,1.89,1.411,0.784,8.62,21.19,2.134,1.464,0.747,7.29,18.45
batch_test_1295,1.3245163657555368,1.973,1.404,0.777,9.37,22.3,1.795,1.301,0.723,5.79,13.95
batch_test_7561,1.3244150322877548,1.734,1.193,0.834,9.43,22.47,1.963,1.303,0.765,6.82,18.67
batch_test_2385,1.3243157328319364,2.444,1.511,0.836,8.42,22.1,2.466,1.495,0.766,8.4,20.83
batch_test_6088,1.3242814993693877,2.273,1.548,0.605,10.48,23.92,1.981,1.442,0.568,7.18,16.15
batch_test_4970,1.3242533239332435,2.35,1.546,0.788,10.95,23.9,2.213,1.582,0.703,9.03,20.74
batch_test_5853,1.32420775696494,1.975,1.317,0.795,5.68,21.43,2.035,1.386,0.713,6.24,17.63
batch_test_8111,1.3242014228952237,2.012,1.372,0.838,11.23,25.33,2.09,1.445,0.786,8.43,19.06
batch_test_9211,1.3241671222010858,2.061,1.357,0.811,9.73,23.18,2.029,1.417,0.733,7.71,17.7
batch_test_6880,1.3241508836073783,2.181,1.457,0.852,8.54,21.19,2.048,1.418,0.784,6.21,15.55
batch_test_6527,1.3241389613222467,2.067,1.463,0.891,10.3,34.17,2.318,1.59,0.873,9.63,28.41
batch_test_4106,1.3238881543545662,2.143,1.456,0.679,10.1,21.54,2.033,1.443,0.691,8.49,18.61
batch_test_2994,1.323885559171233,2.318,1.554,0.792,9.02,21.96,2.232,1.443,0.73,6.06,14.37
batch_test_3299,1.323811884737503,2.14,1.28,0.846,10.33,21.25,2.138,1.52,0.761,9.0,20.2
batch_test_4097,1.32372887585403,1.63,1.196,0.7,9.29,22.99,1.695,1.227,0.646,6.66,15.77
batch_test_3133,1.323589864561736,2.213,1.454,0.817,8.84,21.22,2.221,1.523,0.759,7.16,17.93
batch_test_8876,1.323578254082046,1.867,1.28,0.749,9.31,22.47,2.093,1.426,0.722,7.47,19.15
batch_test_1638,1.323494672785587,1.934,1.396,0.661,9.7,23.21,1.868,1.378,0.541,8.23,19.07
batch_test_2459,1.3234183845203844,1.876,1.322,0.666,9.57,23.74,1.947,1.372,0.683,6.6,17.61
batch_test_5043,1.3233506374037178,2.013,1.428,0.839,9.95,31.03,2.245,1.617,0.771,9.3,25.89
batch_test_3521,1.3232995408606418,2.134,1.493,0.847,11.76,31.57,2.423,1.692,0.804,11.51,33.16
batch_test_1360,1.323278476480391,2.15,1.323,0.696,10.15,22.82,1.936,1.376,0.64,7.59,16.97
batch_test_500,1.3231440986269762,1.621,1.23,0.776,9.3,27.18,1.587,1.255,0.677,6.89,21.53
batch_test_6222,1.323121682533165,2.237,1.504,0.791,11.69,33.26,2.317,1.555,0.735,9.85,27.65
batch_test_5841,1.323094266272933,2.035,1.392,0.896,9.25,21.82,2.091,1.433,0.84,7.11,17.72
batch_test_919,1.3230660658242872,2.203,1.423,0.787,8.79,23.48,2.155,1.423,0.742,6.59,16.65
batch_test_4512,1.3230534583057856,2.188,1.497,0.892,9.07,22.78,1.802,1.369,0.765,6.19,17.51
batch_test_9805,1.3229913474220876,1.999,1.39,0.825,8.53,22.13,2.089,1.466,0.793,7.56,21.66
batch_test_2257,1.3229483142672276,2.197,1.565,0.733,12.56,42.58,2.3,1.59,0.67,12.13,30.17
batch_test_6667,1.3229358429555158,2.342,1.634,0.858,10.23,23.29,2.254,1.526,0.787,7.31,17.03
batch_test_1538,1.3228410349289192,2.015,1.314,0.85,8.45,23.07,1.923,1.315,0.768,6.58,18.79
batch_test_3594,1.3227886248160168,1.854,1.295,0.879,10.07,23.86,1.916,1.396,0.777,7.62,19.48
batch_test_2789,1.322766095007835,1.812,1.341,0.769,11.3,24.35,1.752,1.272,0.65,8.83,18.79
batch_test_5038,1.3227361113395775,1.851,1.354,0.619,10.58,25.72,1.8,1.341,0.584,7.6,20.29
batch_test_6850,1.3227146989487844,2.019,1.404,0.823,9.61,20.85,2.012,1.493,0.725,7.73,17.71
batch_test_8363,1.3226833635979587,2.079,1.313,0.706,8.9,20.81,2.094,1.496,0.656,7.45,17.17
batch_test_2013,1.3225523662823924,2.242,1.488,0.766,8.85,24.89,2.243,1.554,0.729,7.61,21.56
batch_test_2983,1.3225320645205156,1.986,1.374,0.795,11.76,25.45,2.01,1.489,0.729,10.06,21.76
batch_test_7444,1.3225044271494881,2.174,1.516,0.847,9.91,24.27,2.182,1.329,0.773,7.0,16.89
batch_test_9310,1.3224918213926866,2.242,1.619,0.72,13.05,30.38,2.234,1.575,0.632,12.06,27.61
batch_test_5890,1.3224464702303074,2.242,1.508,0.831,8.26,23.66,2.084,1.461,0.781,5.44,19.86
batch_test_2324,1.3224388146164956,2.068,1.456,0.789,10.71,23.52,1.892,1.416,0.684,7.78,14.94
batch_test_2991,1.322340324264299,1.948,1.352,0.79,10.1,23.12,2.068,1.488,0.716,7.86,19.31
batch_test_9186,1.3223327194850047,2.056,1.393,0.785,10.9,24.94,1.993,1.377,0.722,9.17,22.72
batch_test_1372,1.3223117997231049,2.099,1.578,0.753,10.04,31.64,2.285,1.672,0.715,9.02,27.09
batch_test_1201,1.3223061257531634,2.062,1.493,0.842,11.82,25.4,2.072,1.502,0.783,9.51,21.2
batch_test_349,1.322268250405036,2.334,1.529,0.765,9.22,21.73,2.255,1.418,0.644,7.24,17.06
batch_test_4695,1.322195141536735,2.106,1.433,0.787,13.12,35.2,2.194,1.255,0.714,12.15,32.36
batch_test_2919,1.3221870227099695,2.059,1.294,0.815,8.73,18.69,2.148,1.57,0.677,7.27,18.26
batch_test_7947,1.3221729306351602,2.004,1.316,0.643,8.91,22.81,2.108,1.443,0.62,6.92,17.54
batch_test_9308,1.3221570028535772,2.175,1.46,0.636,9.73,23.98,1.906,1.367,0.574,6.4,18.49
batch_test_7274,1.322130634120076,2.199,1.472,0.871,8.31,19.64,2.302,1.606,0.823,6.94,16.73
batch_test_3611,1.3220969960400395,1.901,1.315,0.74,12.14,25.18,1.858,1.346,0.668,9.65,21.94
batch_test_8182,1.3220810713332722,2.01,1.359,0.786,10.05,23.0,2.061,1.39,0.707,7.33,16.9
batch_test_9081,1.3220149720181893,2.031,1.433,0.72,10.01,23.83,2.085,1.508,0.667,8.24,20.76
batch_test_008,1.322011098482875,2.061,1.363,0.866,8.66,22.9,2.21,1.547,0.813,6.62,17.96
batch_test_2110,1.3218888600563703,1.927,1.382,0.802,10.58,25.21,1.95,1.385,0.696,8.14,21.71
batch_test_3456,1.3218621043994871,2.081,1.339,0.812,9.36,21.25,1.92,1.35,0.722,6.56,16.25
batch_test_7318,1.3218138855041823,2.13,1.53,0.836,9.03,32.32,2.574,1.837,0.787,8.95,26.64
batch_test_9985,1.3217887911316055,2.021,1.343,0.741,10.51,24.26,1.923,1.332,0.69,8.61,20.52
batch_test_3958,1.3217427872888308,2.348,1.604,0.692,10.86,36.02,2.562,1.71,0.654,9.16,29.17
batch_test_8393,1.3216895233951447,1.938,1.369,0.749,10.18,24.42,1.873,1.389,0.675,6.59,16.02
batch_test_9061,1.3215598937426676,1.79,1.299,0.861,11.8,32.56,1.758,1.3,0.806,10.98,28.96
batch_test_1787,1.3215182180697038,2.649,1.624,0.689,11.97,56.98,2.868,1.756,0.781,10.94,32.62
batch_test_6104,1.3214990125814419,2.078,1.384,0.826,11.52,23.96,2.009,1.399,0.75,8.44,18.01
batch_test_8992,1.3214547522307427,2.554,1.669,0.917,10.34,36.26,2.793,1.79,0.893,9.55,37.66
batch_test_6670,1.3214515010206984,2.071,1.478,0.859,9.11,26.11,2.085,1.478,0.779,6.92,18.76
batch_test_9077,1.3214295600983434,2.067,1.313,0.808,9.75,22.22,1.875,1.329,0.708,6.15,14.27
batch_test_3270,1.3213667233084978,2.136,1.309,0.78,9.06,21.81,2.134,1.392,0.733,7.07,16.89
batch_test_1672,1.3213199830811813,2.04,1.351,0.692,8.87,21.24,1.964,1.368,0.642,7.14,17.54
batch_test_7389,1.3212435191762657,1.947,1.476,0.619,11.64,24.45,1.979,1.524,0.583,9.11,18.03
batch_test_7173,1.321228652028886,2.204,1.457,0.843,10.26,25.21,2.288,1.506,0.786,7.91,18.67
batch_test_8411,1.321217590678983,2.089,1.33,0.8,11.43,23.99,2.116,1.578,0.759,9.78,20.03
batch_test_4671,1.321211636259262,2.275,1.465,0.78,10.97,24.12,2.097,1.45,0.661,8.59,18.43
batch_test_9851,1.3211527615488918,1.786,1.269,0.783,8.2,18.72,1.964,1.388,0.728,7.67,21.1
batch_test_6864,1.3210477923775656,1.9,1.366,0.793,9.38,21.43,1.977,1.433,0.741,6.42,14.62
batch_test_6851,1.3210417598492086,1.842,1.327,0.818,8.75,20.69,1.843,1.336,0.736,5.72,14.3
batch_test_8926,1.3209201333026854,1.905,1.41,0.777,9.64,23.32,1.974,1.43,0.7,6.88,16.57
batch_test_4919,1.3209032669976735,2.173,1.55,0.771,13.14,38.35,2.094,1.543,0.664,10.98,27.75
batch_test_8967,1.3208698534498593,1.976,1.38,0.743,12.39,29.02,1.908,1.356,0.666,12.0,27.53
batch_test_1564,1.3208404509906302,2.084,1.263,0.799,10.43,23.99,2.117,1.397,0.738,9.04,20.22
batch_test_1675,1.3208136537124127,2.165,1.461,0.88,8.6,22.79,2.072,1.476,0.814,6.62,18.26
batch_test_8609,1.3206660568475175,1.861,1.371,0.788,8.52,22.08,1.884,1.396,0.717,5.93,14.59
batch_test_8591,1.320622190412842,2.03,1.406,0.697,10.73,24.45,1.963,1.368,0.644,8.23,18.74
batch_test_7746,1.3205762257918034,1.964,1.362,0.739,8.97,23.29,2.088,1.394,0.733,7.25,17.1
batch_test_6199,1.3204103164610794,2.238,1.518,0.678,10.77,26.69,2.067,1.401,0.596,8.95,22.82
batch_test_759,1.3203012917212338,2.031,1.389,0.849,10.48,30.38,1.993,1.42,0.778,8.88,20.97
batch_test_3603,1.320290998657425,2.064,1.47,0.835,12.53,31.18,2.041,1.6,0.753,11.05,29.39
batch_test_6690,1.3201806086461372,2.2,1.48,0.709,11.07,24.35,2.148,1.55,0.655,8.26,17.88
batch_test_691,1.3201452438599166,2.13,1.575,0.881,9.58,33.09,2.244,1.591,0.814,7.42,25.07
batch_test_8855,1.3201012459999162,2.116,1.573,0.797,9.11,25.11,2.154,1.57,0.706,6.6,16.86
batch_test_4975,1.3200935985936244,2.245,1.475,0.716,9.3,21.74,2.352,1.486,0.709,8.1,19.22
batch_test_6844,1.3200652580824095,2.081,1.469,0.688,11.47,26.41,2.082,1.568,0.634,11.22,26.51
batch_test_1153,1.3200437306150654,1.916,1.167,0.682,8.42,21.09,1.91,1.203,0.567,7.62,19.48
batch_test_6970,1.3199746406916049,1.868,1.329,0.821,9.98,22.07,1.83,1.352,0.724,5.73,15.63
batch_test_8786,1.3199637912067375,2.007,1.504,0.772,10.63,22.93,2.069,1.587,0.688,8.35,17.31
batch_test_157,1.3199524810016536,1.891,1.273,0.838,11.65,24.73,1.932,1.449,0.706,9.47,20.87
batch_test_2797,1.3199416335288539,1.916,1.318,0.798,8.81,23.2,1.904,1.319,0.711,5.68,14.03
batch_test_8825,1.3199326593362921,2.409,1.448,0.742,7.31,22.19,2.686,1.578,0.771,7.48,20.96
batch_test_9053,1.3198387336168114,1.83,1.31,0.797,11.3,24.67,1.761,1.235,0.688,7.43,17.37
batch_test_5340,1.3197966425889707,2.688,1.895,0.814,14.39,34.27,2.65,1.78,0.803,12.04,27.82
batch_test_7880,1.3197826792210456,2.342,1.503,0.581,9.06,25.14,2.229,1.435,0.552,7.26,18.17
batch_test_6472,1.3197606287016996,2.295,1.489,0.801,9.58,23.06,2.157,1.46,0.696,7.45,17.18
batch_test_2974,1.31964942303784,2.004,1.319,0.821,9.64,22.39,2.094,1.396,0.737,7.28,16.24
batch_test_3743,1.3196153650299745,2.126,1.497,0.863,10.97,27.11,2.071,1.473,0.771,8.39,20.37
batch_test_7016,1.3195063417889477,1.978,1.39,0.828,9.17,22.39,2.007,1.432,0.768,7.49,18.21
batch_test_6571,1.3194231024015919,2.146,1.544,0.737,9.69,21.53,2.238,1.573,0.684,7.57,16.82
batch_test_9015,1.3194102096334728,2.29,1.607,0.871,9.96,23.16,2.208,1.492,0.815,7.95,19.46
batch_test_7975,1.3193591196057084,2.081,1.473,0.859,12.45,45.13,2.199,1.563,0.833,10.98,42.03
batch_test_6439,1.3193330904418215,2.132,1.435,0.782,8.73,23.89,2.056,1.463,0.719,6.82,18.33
batch_test_6081,1.3192526330397876,2.185,1.462,0.636,11.2,24.77,2.387,1.545,0.628,10.19,21.47
batch_test_7155,1.3192343654259544,1.927,1.34,0.812,10.48,22.03,1.935,1.362,0.703,7.97,22.08
batch_test_7453,1.3192276660195947,2.21,1.424,0.783,11.31,26.99,2.228,1.518,0.778,10.16,22.7
batch_test_238,1.3192275693906925,2.018,1.348,0.787,8.97,21.67,1.927,1.341,0.704,5.55,17.83
batch_test_7577,1.319189521804908,2.192,1.48,0.827,8.22,22.7,2.154,1.491,0.732,5.97,16.16
batch_test_6079,1.3191813474607055,1.945,1.374,0.761,8.47,22.4,1.981,1.417,0.734,5.95,16.96
batch_test_3296,1.3191438454834645,1.913,1.386,0.753,10.09,25.25,1.843,1.364,0.677,7.15,17.68
batch_test_558,1.3191134061448184,1.97,1.346,0.831,9.71,21.22,1.956,1.389,0.711,6.96,16.2
batch_test_1922,1.319111616335943,2.268,1.51,0.789,7.68,19.92,2.253,1.541,0.774,6.14,13.34
batch_test_9988,1.3190870211960979,1.971,1.308,0.76,9.72,22.72,1.953,1.393,0.721,6.83,16.49
batch_test_3733,1.3189873880345502,2.165,1.355,0.86,9.43,20.97,2.341,1.627,0.816,9.62,27.11
batch_test_3563,1.3189856430406879,1.858,1.375,0.773,9.27,22.46,1.845,1.354,0.737,6.88,16.91
batch_test_3548,1.318939963427368,1.717,1.17,0.709,9.54,20.78,1.735,1.275,0.651,7.58,16.18
batch_test_1068,1.3189205563153008,2.112,1.464,0.725,9.32,20.78,2.119,1.328,0.648,7.18,17.28
batch_test_5574,1.3187921839457457,2.425,1.697,0.581,11.06,32.41,2.496,1.67,0.593,10.61,31.99
batch_test_1686,1.3187071997367306,1.905,1.359,0.801,9.72,21.0,1.861,1.409,0.704,7.0,15.63
batch_test_5917,1.3183698242261443,1.99,1.329,0.819,8.71,21.6,2.005,1.387,0.739,6.66,15.95
